household_id,time_of_use,appliances_used,energy_cost,energy_usage,home_type_Apartment,home_type_Condo,home_type_House,home_type_Unknown,occupancy_type_Family,occupancy_type_Single
1,0.3715034965034965,0.07692307692307693,0.394,0,0,0,1,0,0,1
2,0.9510489510489512,0.38461538461538464,0.614,1,0,0,1,0,0,1
3,0.7312062937062938,0.8461538461538463,0.0,1,1,0,0,0,1,0
4,0.5970279720279721,0.3076923076923077,0.654,1,0,0,1,0,1,0
5,0.1520979020979021,0.9230769230769231,0.918,1,0,0,0,1,1,0
6,0.1520979020979021,0.6923076923076923,0.6320000000000001,0,0,0,1,0,0,1
7,0.053758741258741256,0.6153846153846154,0.8800000000000001,0,0,1,0,0,1,0
8,0.8658216783216784,0.8461538461538463,0.738,1,0,0,0,1,1,0
9,0.5996503496503497,0.3076923076923077,0.165,0,1,0,0,0,0,1
10,0.7071678321678322,0.07692307692307693,0.907,0,1,0,0,0,0,1
11,0.015734265734265736,0.3076923076923077,0.11299999999999999,0,0,0,0,1,1,0
12,0.9702797202797202,0.8461538461538463,0.557,1,0,0,1,0,1,0
13,0.8321678321678322,0.23076923076923078,0.18500000000000003,0,0,1,0,0,0,1
14,0.20847902097902102,0.7692307692307694,0.061,0,0,1,0,0,1,0
15,0.1778846153846154,0.4615384615384616,0.451,0,0,0,1,0,0,1
16,0.17963286713286714,0.38461538461538464,0.33,0,1,0,0,0,0,1
17,0.30113636363636365,1.0000000000000002,0.512,1,1,0,0,0,1,0
18,0.5227272727272728,0.07692307692307693,0.5980000000000001,0,1,0,0,0,1,0
19,0.4291958041958042,0.8461538461538463,0.09200000000000001,0,1,0,0,0,1,0
20,0.2880244755244755,0.7692307692307694,0.167,1,0,0,1,0,1,0
21,0.6101398601398602,0.7692307692307694,0.581,1,0,0,1,0,0,1
22,0.5054632867132868,0.9230769230769231,0.376,1,0,0,1,0,1,0
23,0.2888986013986014,0.3076923076923077,0.743,0,1,0,0,0,0,1
24,0.36363636363636365,0.4615384615384616,0.67,0,1,0,0,0,0,1
25,0.45367132867132876,0.7692307692307694,0.853,0,1,0,0,0,0,1
26,0.7845279720279721,0.4615384615384616,0.7080000000000001,0,1,0,0,0,0,1
27,0.19580419580419584,0.3076923076923077,0.0,0,0,1,0,0,0,1
28,0.5054632867132868,0.8461538461538463,0.0,1,1,0,0,0,1,0
29,0.5909090909090909,0.6153846153846154,0.31200000000000006,1,0,0,1,0,1,0
30,0.041958041958041946,0.23076923076923078,0.341,0,1,0,0,0,1,0
31,0.6057692307692308,0.7692307692307694,0.8,0,0,1,0,0,0,1
32,0.5054632867132868,0.15384615384615385,0.47400000000000003,1,0,0,1,0,1,0
33,0.5054632867132868,0.23076923076923078,0.808,0,1,0,0,0,0,1
34,0.9488636363636365,0.3076923076923077,0.8310000000000001,1,0,0,1,0,0,1
35,0.965909090909091,0.9230769230769231,0.8650000000000001,1,0,0,0,1,1,0
36,0.8076923076923077,0.38461538461538464,0.9210000000000002,0,0,1,0,0,0,1
37,0.5054632867132868,0.15384615384615385,0.459,0,1,0,0,0,0,1
38,0.5054632867132868,0.07692307692307693,0.353,0,0,1,0,0,1,0
39,0.6831293706293706,1.0000000000000002,0.6030000000000001,1,0,1,0,0,0,1
40,0.4375,0.9230769230769231,0.403,0,0,1,0,0,0,1
41,0.5054632867132868,0.23076923076923078,0.0,1,0,0,1,0,1,0
42,0.493006993006993,0.3076923076923077,0.7200000000000001,1,0,0,1,0,1,0
43,0.02972027972027972,0.23076923076923078,0.0,0,0,0,1,0,1,0
44,0.9090909090909092,1.0000000000000002,0.40599999999999997,1,0,0,1,0,0,1
45,0.25524475524475526,0.7692307692307694,0.209,1,0,0,1,0,1,0
46,0.6612762237762237,0.9230769230769231,0.459,1,0,0,1,0,1,0
47,0.3085664335664336,0.8461538461538463,0.18500000000000003,1,0,0,1,0,1,0
48,0.5179195804195805,0.15384615384615385,0.8960000000000001,1,0,0,1,0,1,0
49,0.5445804195804196,0.5384615384615385,0.379,0,0,1,0,0,0,1
50,0.18094405594405596,0.6923076923076923,0.197,0,1,0,0,0,0,1
51,0.9698426573426575,0.23076923076923078,0.074,1,0,1,0,0,0,1
52,0.7744755244755245,1.0000000000000002,0.664,1,0,0,1,0,0,1
53,0.9396853146853147,0.07692307692307693,0.655,1,0,1,0,0,1,0
54,0.8946678321678322,0.4615384615384616,0.0,0,0,0,1,0,0,1
55,0.5961538461538461,0.0,0.118,0,1,0,0,0,1,0
56,0.5054632867132868,0.9230769230769231,0.439,1,0,1,0,0,1,0
57,0.08435314685314688,0.4615384615384616,0.0,0,1,0,0,0,0,1
58,0.19230769230769232,0.6923076923076923,0.6930000000000001,0,0,1,0,0,0,1
59,0.5054632867132868,0.6153846153846154,0.625,1,0,0,1,0,1,0
60,0.32211538461538464,1.0000000000000002,0.0,1,0,0,1,0,1,0
61,0.38592657342657344,0.7692307692307694,0.0,0,1,0,0,0,0,1
62,0.2679195804195804,0.4615384615384616,0.9890000000000001,0,0,0,1,0,0,1
63,0.5054632867132868,0.8461538461538463,0.481,1,1,0,0,0,1,0
64,0.35402097902097907,0.6923076923076923,0.0,0,1,0,0,0,1,0
65,0.27753496503496505,0.4615384615384616,0.18400000000000002,0,1,0,0,0,0,1
66,0.5406468531468532,0.9230769230769231,0.511,1,1,0,0,0,1,0
67,0.13680069930069932,0.4615384615384616,0.07600000000000001,0,0,1,0,0,0,1
68,0.8015734265734266,0.5384615384615385,0.0,0,0,0,0,1,0,1
69,0.06993006993006992,0.0,0.9660000000000001,0,1,0,0,0,0,1
70,0.9873251748251748,0.6923076923076923,0.41500000000000004,1,0,0,1,0,0,1
71,0.7714160839160841,0.9230769230769231,0.08700000000000001,0,1,0,0,0,0,1
72,0.5054632867132868,0.6923076923076923,0.07900000000000001,1,0,0,1,0,1,0
73,0.0008741258741258653,0.5384615384615385,0.41900000000000004,0,0,1,0,0,0,1
74,0.8151223776223777,0.23076923076923078,0.202,0,0,1,0,0,0,1
75,0.7058566433566434,0.23076923076923078,0.072,0,0,0,1,0,0,1
76,0.7281468531468532,0.23076923076923078,0.768,1,0,0,1,0,0,1
77,0.770541958041958,0.38461538461538464,0.48600000000000004,0,1,0,0,0,0,1
78,0.069493006993007,0.4615384615384616,0.325,0,0,1,0,0,0,1
79,0.35533216783216787,0.38461538461538464,0.9050000000000001,1,1,0,0,0,1,0
80,0.5054632867132868,0.0,0.16000000000000003,0,0,0,0,1,1,0
81,0.8627622377622379,0.8461538461538463,0.9580000000000001,1,0,0,1,0,0,1
82,0.6219405594405595,0.5384615384615385,0.34800000000000003,1,0,0,1,0,1,0
83,0.32779720279720276,0.9230769230769231,0.894,1,1,0,0,0,1,0
84,0.059003496503496504,0.6923076923076923,0.6230000000000001,0,0,1,0,0,1,0
85,0.3076923076923077,0.7692307692307694,0.835,0,1,0,0,0,0,1
86,0.32211538461538464,0.9230769230769231,0.985,1,0,0,1,0,1,0
87,0.7285839160839161,0.4615384615384616,0.32400000000000007,0,1,0,0,0,0,1
88,0.6359265734265734,0.4615384615384616,0.9630000000000001,1,1,0,0,0,1,0
89,0.8872377622377623,0.4615384615384616,0.42000000000000004,1,0,0,1,0,1,0
90,0.4698426573426574,0.3076923076923077,0.41600000000000004,0,0,0,1,0,0,1
91,0.11538461538461539,0.38461538461538464,0.373,0,1,0,0,0,1,0
92,0.5054632867132868,0.8461538461538463,0.564,0,1,0,0,0,0,1
93,0.7600524475524476,0.4615384615384616,0.196,1,0,0,1,0,1,0
94,0.5594405594405595,0.6923076923076923,0.0,1,0,0,1,0,1,0
95,0.7701048951048952,0.6153846153846154,0.5650000000000001,0,0,1,0,0,0,1
96,0.49169580419580416,0.6923076923076923,0.0,0,1,0,0,0,0,1
97,0.520541958041958,0.4615384615384616,0.8420000000000001,1,1,0,0,0,1,0
98,0.5054632867132868,0.6923076923076923,0.46799999999999997,0,1,0,0,0,0,1
99,0.02054195804195804,0.6153846153846154,0.337,0,1,0,0,0,0,1
100,0.1035839160839161,0.4615384615384616,0.296,0,0,0,1,0,0,1
101,0.02666083916083916,0.6923076923076923,0.23500000000000001,1,0,0,1,0,1,0
102,0.6350524475524476,0.5384615384615385,0.10500000000000001,0,1,0,0,0,1,0
103,0.5054632867132868,0.5384615384615385,0.375,0,1,0,0,0,0,1
104,0.5065559440559441,0.0,0.307,0,1,0,0,0,0,1
105,0.5054632867132868,0.6923076923076923,0.968,1,0,1,0,0,0,1
106,0.24562937062937065,0.7692307692307694,0.58,0,0,1,0,0,0,1
107,0.40777972027972026,0.3076923076923077,0.38,0,1,0,0,0,0,1
108,0.7548076923076923,0.23076923076923078,0.601,0,1,0,0,0,1,0
109,0.22508741258741263,0.07692307692307693,0.18200000000000002,0,0,1,0,0,0,1
110,0.07255244755244755,0.4615384615384616,0.472,0,0,1,0,0,0,1
111,0.2862762237762238,0.15384615384615385,0.645,0,0,0,1,0,0,1
112,0.15734265734265737,0.23076923076923078,0.514,0,1,0,0,0,1,0
113,0.9296328671328672,0.8461538461538463,0.43200000000000005,1,1,0,0,0,1,0
114,0.8076923076923077,0.4615384615384616,0.994,1,0,0,1,0,1,0
115,0.6319930069930071,0.6923076923076923,0.0,0,1,0,0,0,0,1
116,0.8710664335664337,0.6153846153846154,0.642,0,1,0,0,0,0,1
117,0.8028846153846154,0.07692307692307693,0.5910000000000001,0,0,0,1,0,0,1
118,0.1826923076923077,0.15384615384615385,0.6400000000000001,0,1,0,0,0,0,1
119,0.5054632867132868,0.4615384615384616,0.0,1,0,0,1,0,0,1
120,0.5371503496503497,0.6923076923076923,0.42500000000000004,1,1,0,0,0,1,0
121,0.8068181818181819,0.0,0.08700000000000001,0,1,0,0,0,1,0
122,0.895979020979021,0.4615384615384616,0.502,1,0,0,1,0,1,0
123,0.5054632867132868,0.07692307692307693,0.0,0,1,0,0,0,0,1
124,0.10576923076923078,0.3076923076923077,0.266,0,0,1,0,0,1,0
125,0.22421328671328675,0.0,0.9660000000000001,0,0,0,0,1,0,1
126,0.42438811188811193,0.4615384615384616,0.9140000000000001,0,1,0,0,0,0,1
127,0.5054632867132868,0.8461538461538463,0.7360000000000001,1,0,0,1,0,1,0
128,0.8605769230769231,0.4615384615384616,0.557,0,1,0,0,0,0,1
129,0.0021853146853146807,0.0,0.876,0,0,1,0,0,0,1
130,0.5087412587412588,0.4615384615384616,0.0,0,1,0,0,0,0,1
131,0.4147727272727273,0.3076923076923077,0.801,1,0,0,1,0,1,0
132,0.21853146853146857,0.0,0.169,0,0,0,0,1,1,0
133,0.11582167832167833,0.38461538461538464,0.8050000000000002,0,0,0,1,0,0,1
134,0.3347902097902098,0.3076923076923077,0.31200000000000006,0,0,1,0,0,1,0
135,0.9431818181818183,0.15384615384615385,0.883,0,0,1,0,0,0,1
136,0.31993006993006995,0.8461538461538463,0.9470000000000001,0,1,0,0,0,0,1
137,0.5166083916083917,0.4615384615384616,0.191,0,1,0,0,0,1,0
138,0.7019230769230771,0.7692307692307694,0.49000000000000005,1,0,1,0,0,1,0
139,0.3605769230769231,0.6923076923076923,0.0,1,0,1,0,0,1,0
140,0.9720279720279721,0.4615384615384616,0.509,0,0,0,0,1,0,1
141,0.9628496503496504,1.0000000000000002,0.87,1,0,0,0,1,1,0
142,0.2482517482517483,0.9230769230769231,0.0,0,1,0,0,0,0,1
143,0.4951923076923077,0.9230769230769231,0.40700000000000003,1,0,1,0,0,1,0
144,0.29763986013986016,0.6153846153846154,0.321,0,0,0,0,1,0,1
145,0.28146853146853146,1.0000000000000002,0.24300000000000002,0,1,0,0,0,1,0
146,0.03234265734265735,0.6153846153846154,0.774,1,0,0,1,0,1,0
147,0.5054632867132868,0.07692307692307693,0.41700000000000004,0,1,0,0,0,0,1
148,0.500437062937063,0.15384615384615385,0.536,1,0,0,1,0,1,0
149,0.04676573426573428,0.4615384615384616,0.518,0,0,0,1,0,0,1
150,0.27534965034965037,0.3076923076923077,0.5980000000000001,0,1,0,0,0,1,0
151,0.9082167832167833,0.07692307692307693,0.8720000000000001,1,1,0,0,0,0,1
152,0.23601398601398602,0.15384615384615385,0.9820000000000001,1,0,0,1,0,0,1
153,0.5054632867132868,0.6923076923076923,0.43700000000000006,0,1,0,0,0,1,0
154,0.4873251748251749,0.38461538461538464,0.836,1,0,0,0,1,1,0
155,0.9860139860139863,0.9230769230769231,0.776,1,0,1,0,0,0,1
156,0.23863636363636367,0.4615384615384616,0.5950000000000001,0,0,0,1,0,0,1
157,0.6708916083916084,0.6153846153846154,0.9580000000000001,1,0,0,0,1,1,0
158,0.7609265734265734,0.0,0.24,0,1,0,0,0,0,1
159,0.2342657342657343,0.7692307692307694,0.15400000000000003,0,1,0,0,0,0,1
160,0.7272727272727273,0.4615384615384616,0.861,1,1,0,0,0,1,0
161,0.3649475524475525,0.5384615384615385,0.467,0,0,0,1,0,0,1
162,0.6306818181818182,0.8461538461538463,0.8550000000000001,1,0,0,1,0,0,1
163,0.6319930069930071,0.4615384615384616,0.8980000000000001,1,1,0,0,0,1,0
164,0.5336538461538463,0.15384615384615385,0.0,0,1,0,0,0,0,1
165,0.08610139860139862,0.23076923076923078,0.8890000000000001,0,1,0,0,0,1,0
166,0.5054632867132868,0.6923076923076923,0.476,1,0,0,1,0,1,0
167,0.3177447552447553,0.38461538461538464,0.535,0,1,0,0,0,1,0
168,0.1826923076923077,0.6923076923076923,0.645,0,0,0,0,1,0,1
169,0.5054632867132868,0.4615384615384616,0.9300000000000002,0,1,0,0,0,1,0
170,0.5891608391608392,0.9230769230769231,0.0,1,0,1,0,0,1,0
171,0.6761363636363636,0.4615384615384616,0.503,1,0,1,0,0,1,0
172,0.011800699300699297,0.23076923076923078,0.7030000000000001,0,1,0,0,0,0,1
173,0.5100524475524476,0.5384615384615385,0.7370000000000001,0,1,0,0,0,1,0
174,0.22290209790209795,0.3076923076923077,0.7080000000000001,1,0,0,1,0,1,0
175,0.6437937062937064,0.0,0.17800000000000002,0,1,0,0,0,0,1
176,0.17045454545454547,0.23076923076923078,0.334,0,0,0,0,1,1,0
177,0.5054632867132868,0.15384615384615385,0.391,1,0,1,0,0,1,0
178,0.3837412587412588,0.6153846153846154,0.8140000000000001,1,0,0,1,0,1,0
179,0.9366258741258742,0.5384615384615385,0.0,0,0,1,0,0,0,1
180,0.13330419580419584,0.0,0.25,0,1,0,0,0,1,0
181,0.33784965034965037,0.7692307692307694,0.96,0,1,0,0,0,0,1
182,0.10926573426573427,0.38461538461538464,0.0,0,0,0,1,0,0,1
183,0.5054632867132868,0.6153846153846154,0.9980000000000001,1,1,0,0,0,0,1
184,0.5054632867132868,0.4615384615384616,0.6930000000000001,1,0,0,1,0,1,0
185,0.2543706293706294,0.23076923076923078,0.837,0,1,0,0,0,0,1
186,0.6586538461538461,0.9230769230769231,0.33,1,1,0,0,0,1,0
187,0.8168706293706295,0.0,0.064,0,0,1,0,0,1,0
188,0.5533216783216783,0.8461538461538463,0.751,0,1,0,0,0,0,1
189,0.5275349650349651,0.07692307692307693,0.8420000000000001,0,0,1,0,0,0,1
190,0.5054632867132868,0.8461538461538463,0.7530000000000001,0,0,1,0,0,0,1
191,0.08872377622377625,0.3076923076923077,0.18600000000000003,0,0,0,1,0,1,0
192,0.5054632867132868,0.8461538461538463,0.766,1,0,0,1,0,1,0
193,0.9003496503496504,0.7692307692307694,0.78,1,0,0,0,1,1,0
194,0.6315559440559442,0.3076923076923077,0.676,0,0,1,0,0,0,1
195,0.33610139860139865,0.5384615384615385,0.778,0,1,0,0,0,1,0
196,0.34615384615384615,0.38461538461538464,0.854,1,0,0,1,0,1,0
197,0.5054632867132868,0.5384615384615385,0.633,1,0,0,1,0,1,0
198,0.8968531468531469,0.07692307692307693,0.134,1,0,0,1,0,0,1
199,0.8868006993006993,0.15384615384615385,0.513,0,0,0,1,0,0,1
200,0.7792832167832169,0.38461538461538464,0.124,0,1,0,0,0,0,1
201,0.6407342657342657,0.8461538461538463,0.43700000000000006,1,0,0,1,0,0,1
202,0.0799825174825175,0.9230769230769231,0.43700000000000006,0,0,1,0,0,0,1
203,0.5054632867132868,0.6923076923076923,0.11299999999999999,0,1,0,0,0,0,1
204,0.8986013986013988,0.15384615384615385,0.381,0,0,1,0,0,0,1
205,0.6048951048951049,0.38461538461538464,0.15500000000000003,0,0,0,1,0,0,1
206,0.004370629370629368,0.38461538461538464,0.8180000000000001,0,0,1,0,0,1,0
207,0.09702797202797206,0.07692307692307693,0.9500000000000001,1,0,0,1,0,1,0
208,0.6621503496503498,0.4615384615384616,0.119,1,0,0,1,0,1,0
209,0.00043706293706293614,0.4615384615384616,0.9570000000000001,1,1,0,0,0,0,1
210,0.15690559440559443,0.07692307692307693,0.0,0,0,1,0,0,0,1
211,0.5467657342657343,0.38461538461538464,0.335,0,1,0,0,0,1,0
212,0.6905594405594406,0.0,0.123,0,0,1,0,0,0,1
213,0.6507867132867133,0.15384615384615385,0.526,0,0,1,0,0,1,0
214,0.22071678321678326,0.07692307692307693,0.8050000000000002,0,1,0,0,0,0,1
215,0.7111013986013986,0.4615384615384616,0.722,1,1,0,0,0,1,0
216,0.23382867132867138,1.0000000000000002,0.098,0,0,0,1,0,0,1
217,0.32211538461538464,0.23076923076923078,0.119,0,1,0,0,0,0,1
218,0.7456293706293707,0.5384615384615385,0.0,1,0,1,0,0,1,0
219,0.6481643356643357,0.38461538461538464,0.331,0,1,0,0,0,0,1
220,0.8487762237762239,0.8461538461538463,0.271,1,1,0,0,0,1,0
221,0.6564685314685315,0.6923076923076923,0.317,1,0,1,0,0,1,0
222,0.5664335664335665,0.23076923076923078,0.8130000000000002,1,0,0,1,0,1,0
223,0.5054632867132868,0.3076923076923077,0.933,1,0,1,0,0,1,0
224,0.3649475524475525,0.9230769230769231,0.435,0,1,0,0,0,0,1
225,0.5054632867132868,0.9230769230769231,0.0,1,0,0,0,1,0,1
226,0.24038461538461545,0.6153846153846154,0.355,1,0,0,1,0,1,0
227,0.9733391608391608,0.4615384615384616,0.503,1,0,0,1,0,1,0
228,0.39029720279720276,0.6923076923076923,0.265,1,0,0,1,0,0,1
229,0.8920454545454546,0.4615384615384616,0.658,1,0,0,1,0,0,1
230,0.6298076923076923,1.0000000000000002,0.9800000000000001,1,0,0,1,0,1,0
231,0.7941433566433568,0.6153846153846154,0.6230000000000001,1,1,0,0,0,1,0
232,0.500437062937063,0.4615384615384616,0.39,1,0,0,1,0,1,0
233,0.5751748251748252,0.8461538461538463,0.665,0,1,0,0,0,0,1
234,0.4903846153846154,0.0,0.167,0,0,0,1,0,0,1
235,0.19143356643356646,0.4615384615384616,0.894,0,1,0,0,0,0,1
236,0.7215909090909092,0.5384615384615385,0.528,1,0,0,1,0,1,0
237,0.27753496503496505,0.23076923076923078,0.477,1,0,0,0,1,1,0
238,0.019667832167832168,0.15384615384615385,0.6070000000000001,0,1,0,0,0,1,0
239,0.6442307692307693,1.0000000000000002,0.6440000000000001,0,1,0,0,0,0,1
240,0.1730769230769231,0.9230769230769231,0.0,0,1,0,0,0,0,1
241,0.9405594405594406,0.4615384615384616,0.6980000000000001,1,0,0,1,0,1,0
242,0.9541083916083917,0.8461538461538463,0.27999999999999997,1,0,1,0,0,1,0
243,0.9147727272727273,0.15384615384615385,0.7280000000000001,1,1,0,0,0,1,0
244,0.5054632867132868,0.5384615384615385,0.8310000000000001,1,0,0,1,0,0,1
245,0.010926573426573431,0.38461538461538464,0.8140000000000001,0,1,0,0,0,1,0
246,0.9283216783216784,0.3076923076923077,0.5750000000000001,1,0,0,1,0,0,1
247,0.42569930069930073,0.23076923076923078,0.544,1,0,1,0,0,1,0
248,0.9667832167832169,0.5384615384615385,0.18600000000000003,0,1,0,0,0,0,1
249,0.9637237762237763,0.5384615384615385,0.787,1,0,0,1,0,1,0
250,0.8527097902097903,0.8461538461538463,0.30800000000000005,0,0,0,0,1,0,1
251,0.2910839160839161,0.0,0.522,0,1,0,0,0,1,0
252,0.38243006993006995,0.6153846153846154,0.32000000000000006,0,0,0,0,1,1,0
253,0.8509615384615384,1.0000000000000002,0.17700000000000002,1,1,0,0,0,1,0
254,0.3138111888111888,0.3076923076923077,0.6480000000000001,0,0,0,1,0,0,1
255,0.16564685314685318,0.23076923076923078,0.10200000000000001,0,0,0,1,0,0,1
256,0.5550699300699301,0.38461538461538464,0.7610000000000001,0,0,0,1,0,0,1
257,0.9361888111888114,0.38461538461538464,0.35200000000000004,1,1,0,0,0,1,0
258,0.69493006993007,0.07692307692307693,0.05,0,1,0,0,0,0,1
259,0.5681818181818182,0.5384615384615385,0.536,1,0,0,1,0,1,0
260,0.09309440559440563,0.4615384615384616,0.095,0,0,1,0,0,1,0
261,0.6136363636363636,0.0,0.31200000000000006,0,1,0,0,0,1,0
262,0.9903846153846154,0.3076923076923077,0.722,0,0,1,0,0,0,1
263,0.13592657342657344,0.8461538461538463,0.11000000000000001,1,0,0,1,0,1,0
264,0.5161713286713288,0.38461538461538464,0.8470000000000001,1,0,0,1,0,0,1
265,0.8771853146853148,0.23076923076923078,0.054000000000000006,1,0,0,1,0,1,0
266,0.7399475524475525,0.07692307692307693,0.284,0,0,0,0,1,1,0
267,0.5054632867132868,0.9230769230769231,0.754,0,1,0,0,0,0,1
268,0.7014860139860141,1.0000000000000002,0.35000000000000003,1,0,0,1,0,0,1
269,0.35664335664335667,0.23076923076923078,0.147,0,1,0,0,0,1,0
270,0.2902097902097902,0.0,0.392,0,0,1,0,0,1,0
271,0.8090034965034966,0.4615384615384616,0.307,0,0,0,1,0,0,1
272,0.8094405594405595,0.4615384615384616,0.851,1,1,0,0,0,1,0
273,0.8666958041958043,0.9230769230769231,0.34800000000000003,1,0,0,1,0,0,1
274,0.9130244755244756,0.07692307692307693,0.799,0,1,0,0,0,0,1
275,0.5091783216783217,0.6153846153846154,0.8970000000000001,1,0,0,1,0,1,0
276,0.49912587412587417,0.3076923076923077,0.462,1,0,0,1,0,1,0
277,0.7976398601398602,0.07692307692307693,0.9140000000000001,1,0,1,0,0,1,0
278,0.6486013986013986,0.7692307692307694,0.40800000000000003,0,0,0,1,0,0,1
279,0.701048951048951,0.6153846153846154,0.9660000000000001,1,0,0,0,1,1,0
280,0.7950174825174826,0.6153846153846154,0.135,0,0,0,1,0,0,1
281,0.5054632867132868,0.0,0.7030000000000001,0,0,0,0,1,0,1
282,0.3347902097902098,0.7692307692307694,0.519,0,1,0,0,0,1,0
283,0.5054632867132868,0.15384615384615385,0.418,0,1,0,0,0,0,1
284,0.08959790209790211,0.23076923076923078,0.651,0,1,0,0,0,1,0
285,0.5764860139860141,1.0000000000000002,0.7190000000000001,1,1,0,0,0,0,1
286,0.03146853146853148,0.4615384615384616,0.054000000000000006,0,0,0,1,0,0,1
287,0.46328671328671334,0.6923076923076923,0.209,0,0,0,1,0,0,1
288,0.5406468531468532,0.23076923076923078,0.727,0,0,0,1,0,0,1
289,0.28321678321678323,0.4615384615384616,0.683,0,1,0,0,0,0,1
290,0.5891608391608392,0.4615384615384616,0.968,1,0,0,1,0,1,0
291,0.025786713286713288,0.38461538461538464,0.7730000000000001,0,0,0,0,1,1,0
292,0.5054632867132868,0.15384615384615385,0.953,0,0,0,1,0,0,1
293,0.8221153846153848,0.38461538461538464,0.7170000000000001,1,0,0,1,0,0,1
294,0.3570804195804196,0.7692307692307694,0.333,0,1,0,0,0,1,0
295,0.12281468531468534,0.38461538461538464,0.15000000000000002,0,1,0,0,0,1,0
296,0.5201048951048951,0.8461538461538463,0.0,0,0,0,0,1,0,1
297,0.7692307692307694,0.3076923076923077,0.662,0,0,1,0,0,0,1
298,0.5054632867132868,0.23076923076923078,0.096,0,0,1,0,0,1,0
299,0.6215034965034966,0.6923076923076923,0.392,1,0,0,1,0,0,1
300,0.08085664335664336,0.8461538461538463,0.9590000000000001,0,1,0,0,0,0,1
301,0.04720279720279721,0.0,0.525,0,0,0,1,0,1,0
302,0.5292832167832169,0.6923076923076923,0.4610000000000001,1,0,0,1,0,1,0
303,0.5384615384615384,0.38461538461538464,0.485,1,0,0,1,0,1,0
304,0.6359265734265734,0.07692307692307693,0.248,0,1,0,0,0,1,0
305,0.7250874125874126,0.9230769230769231,0.4,1,0,0,0,1,1,0
306,0.9759615384615385,0.15384615384615385,0.401,0,0,0,1,0,0,1
307,0.513986013986014,1.0000000000000002,0.1,0,0,0,0,1,0,1
308,0.31993006993006995,0.5384615384615385,0.779,0,1,0,0,0,0,1
309,0.7945804195804196,0.6923076923076923,0.446,0,1,0,0,0,0,1
310,0.2674825174825175,1.0000000000000002,0.8310000000000001,1,0,0,1,0,1,0
311,0.5054632867132868,1.0000000000000002,0.8580000000000001,1,0,1,0,0,1,0
312,0.07386363636363635,0.38461538461538464,0.251,0,0,1,0,0,1,0
313,0.02054195804195804,0.15384615384615385,0.674,1,0,0,1,0,1,0
314,0.9628496503496504,0.4615384615384616,0.49900000000000005,1,0,0,1,0,0,1
315,0.8356643356643357,0.23076923076923078,0.886,0,1,0,0,0,0,1
316,0.69493006993007,1.0000000000000002,0.255,1,0,0,0,1,1,0
317,0.5054632867132868,0.6153846153846154,0.6940000000000001,0,1,0,0,0,1,0
318,0.1695804195804196,0.3076923076923077,0.627,1,0,0,1,0,1,0
319,0.15253496503496505,0.15384615384615385,0.331,0,1,0,0,0,1,0
320,0.24694055944055945,0.07692307692307693,0.18000000000000002,0,1,0,0,0,1,0
321,0.5472027972027973,0.7692307692307694,0.669,1,1,0,0,0,1,0
322,0.7137237762237764,0.07692307692307693,0.752,0,1,0,0,0,0,1
323,0.6586538461538461,0.15384615384615385,0.35000000000000003,0,1,0,0,0,1,0
324,0.27666083916083917,0.07692307692307693,0.663,0,1,0,0,0,1,0
325,0.9549825174825175,1.0000000000000002,0.42500000000000004,0,0,1,0,0,0,1
326,0.7368881118881119,0.23076923076923078,0.7280000000000001,1,0,0,0,1,1,0
327,0.5524475524475525,0.07692307692307693,0.23900000000000002,0,0,0,1,0,0,1
328,0.6101398601398602,0.6923076923076923,0.8960000000000001,1,0,1,0,0,1,0
329,0.416958041958042,0.6153846153846154,0.323,0,0,1,0,0,0,1
330,0.24431818181818185,0.07692307692307693,0.399,1,0,0,1,0,1,0
331,0.3531468531468531,0.4615384615384616,0.10500000000000001,0,0,1,0,0,0,1
332,0.7569930069930071,0.9230769230769231,0.15600000000000003,1,1,0,0,0,1,0
333,0.009615384615384616,0.38461538461538464,0.54,0,1,0,0,0,0,1
334,0.1118881118881119,0.0,0.30400000000000005,0,0,0,1,0,0,1
335,0.5054632867132868,0.23076923076923078,0.844,1,0,0,1,0,1,0
336,0.03627622377622377,1.0000000000000002,0.064,0,0,0,1,0,1,0
337,0.8553321678321679,0.0,0.41,0,1,0,0,0,0,1
338,0.7023601398601399,1.0000000000000002,0.37000000000000005,0,1,0,0,0,0,1
339,0.4720279720279721,0.38461538461538464,0.068,1,0,0,0,1,0,1
340,0.5054632867132868,0.4615384615384616,0.168,0,1,0,0,0,1,0
341,0.4895104895104896,0.9230769230769231,0.443,1,0,0,1,0,0,1
342,0.47115384615384626,0.23076923076923078,0.518,0,0,0,1,0,0,1
343,0.1691433566433567,0.15384615384615385,0.434,0,0,0,1,0,1,0
344,0.5054632867132868,0.15384615384615385,0.554,0,0,0,1,0,0,1
345,0.395979020979021,0.6153846153846154,0.6150000000000001,0,0,1,0,0,0,1
346,0.5054632867132868,0.38461538461538464,0.059,1,0,0,1,0,1,0
347,0.6337412587412588,0.6153846153846154,0.0,1,0,0,1,0,1,0
348,0.040646853146853144,0.9230769230769231,0.9650000000000001,1,0,0,1,0,1,0
349,0.3719405594405594,0.3076923076923077,0.543,0,1,0,0,0,0,1
350,0.6241258741258742,0.07692307692307693,0.6940000000000001,0,1,0,0,0,0,1
351,0.5008741258741259,0.5384615384615385,0.34600000000000003,0,1,0,0,0,0,1
352,0.5054632867132868,0.3076923076923077,0.785,1,0,0,1,0,1,0
353,0.6573426573426573,0.07692307692307693,0.784,0,0,0,1,0,0,1
354,0.15909090909090912,0.23076923076923078,0.545,0,0,1,0,0,0,1
355,0.06599650349650352,0.6153846153846154,0.977,0,1,0,0,0,0,1
356,0.6411713286713286,0.23076923076923078,0.169,0,1,0,0,0,1,0
357,0.021853146853146856,0.9230769230769231,0.066,0,0,1,0,0,0,1
358,0.583916083916084,0.8461538461538463,0.782,1,1,0,0,0,1,0
359,0.9405594405594406,0.8461538461538463,0.8170000000000001,1,0,0,1,0,0,1
360,0.5738636363636365,0.8461538461538463,0.164,1,0,0,1,0,1,0
361,0.3854895104895105,0.9230769230769231,0.30200000000000005,0,0,0,1,0,0,1
362,0.6420454545454546,1.0000000000000002,0.067,1,1,0,0,0,1,0
363,0.5054632867132868,0.23076923076923078,0.329,0,0,0,0,1,1,0
364,0.5054632867132868,0.07692307692307693,0.784,0,0,0,0,1,0,1
365,0.9414335664335665,0.9230769230769231,0.542,1,0,0,1,0,1,0
366,0.38330419580419584,0.8461538461538463,0.381,1,0,0,1,0,1,0
367,0.9615384615384617,0.38461538461538464,0.403,0,1,0,0,0,1,0
368,0.9051573426573427,0.9230769230769231,0.051000000000000004,1,0,0,1,0,1,0
369,0.1918706293706294,0.7692307692307694,0.335,0,0,1,0,0,0,1
370,0.06512237762237763,1.0000000000000002,0.664,0,1,0,0,0,0,1
371,0.09659090909090909,0.4615384615384616,0.9750000000000001,0,0,0,1,0,0,1
372,0.013548951048951041,0.8461538461538463,0.8550000000000001,1,0,0,1,0,0,1
373,0.09003496503496505,0.4615384615384616,0.072,0,1,0,0,0,0,1
374,0.6818181818181819,0.15384615384615385,0.9039999999999999,0,1,0,0,0,0,1
375,0.06687062937062938,0.15384615384615385,0.794,0,0,0,1,0,0,1
376,0.3159965034965035,0.3076923076923077,0.791,1,0,1,0,0,1,0
377,0.8444055944055945,0.15384615384615385,0.485,0,0,0,0,1,0,1
378,0.018793706293706296,0.07692307692307693,0.42800000000000005,0,0,0,1,0,0,1
379,0.8138111888111889,0.6923076923076923,0.338,1,0,0,1,0,1,0
380,0.27840909090909094,0.6153846153846154,0.11200000000000002,0,1,0,0,0,0,1
381,0.11407342657342659,0.07692307692307693,0.267,0,0,0,1,0,0,1
382,0.6953671328671329,1.0000000000000002,0.284,1,0,0,1,0,0,1
383,0.6276223776223777,0.7692307692307694,0.51,0,1,0,0,0,1,0
384,0.8771853146853148,0.07692307692307693,0.76,1,0,0,0,1,1,0
385,0.7342657342657344,0.9230769230769231,0.0,1,0,0,1,0,0,1
386,0.8028846153846154,0.5384615384615385,0.10500000000000001,0,1,0,0,0,1,0
387,0.27884615384615385,0.6153846153846154,0.96,1,0,1,0,0,1,0
388,0.17351398601398604,0.4615384615384616,0.9460000000000002,0,1,0,0,0,1,0
389,0.7495629370629372,0.4615384615384616,0.796,1,1,0,0,0,1,0
390,0.8063811188811189,0.6153846153846154,0.992,1,1,0,0,0,1,0
391,0.9908216783216786,0.15384615384615385,0.5670000000000001,1,0,0,1,0,0,1
392,0.409965034965035,0.3076923076923077,0.9650000000000001,0,0,0,1,0,0,1
393,0.5054632867132868,0.6153846153846154,0.122,0,1,0,0,0,1,0
394,0.5054632867132868,0.8461538461538463,0.397,1,0,0,1,0,1,0
395,0.33784965034965037,1.0000000000000002,0.264,1,1,0,0,0,1,0
396,0.930944055944056,1.0000000000000002,0.236,1,0,0,1,0,1,0
397,0.8579545454545454,0.15384615384615385,0.18400000000000002,1,0,0,1,0,1,0
398,0.42657342657342656,0.4615384615384616,0.641,0,0,0,1,0,0,1
399,0.75,0.8461538461538463,0.792,1,0,1,0,0,1,0
400,0.7534965034965037,0.0,0.5990000000000001,0,1,0,0,0,1,0
401,0.0987762237762238,0.23076923076923078,0.19,0,0,0,0,1,1,0
402,0.9025349650349652,0.23076923076923078,0.8210000000000002,1,0,0,1,0,1,0
403,0.5030594405594405,0.4615384615384616,0.654,1,0,1,0,0,1,0
404,0.8260489510489512,0.4615384615384616,0.41900000000000004,0,1,0,0,0,0,1
405,0.3168706293706294,0.0,0.6900000000000001,0,1,0,0,0,0,1
406,0.8955419580419581,0.3076923076923077,0.29700000000000004,0,1,0,0,0,0,1
407,0.38636363636363635,0.4615384615384616,0.378,1,0,0,1,0,1,0
408,0.006118881118881113,0.8461538461538463,0.0,1,1,0,0,0,1,0
409,0.9051573426573427,0.23076923076923078,0.0,0,0,0,1,0,0,1
410,0.08697552447552448,0.9230769230769231,0.496,0,0,1,0,0,1,0
411,0.3159965034965035,0.23076923076923078,0.8960000000000001,0,0,0,1,0,0,1
412,0.9501748251748253,0.23076923076923078,0.722,0,0,0,0,1,0,1
413,0.9506118881118881,0.8461538461538463,0.10900000000000001,1,0,0,1,0,0,1
414,0.5716783216783217,0.38461538461538464,0.19,0,1,0,0,0,1,0
415,0.6302447552447553,0.4615384615384616,0.056999999999999995,0,0,1,0,0,1,0
416,0.5054632867132868,0.07692307692307693,0.649,1,0,0,1,0,1,0
417,0.2897727272727273,0.4615384615384616,0.47500000000000003,0,1,0,0,0,0,1
418,0.3256118881118881,0.23076923076923078,0.17800000000000002,1,0,0,1,0,1,0
419,0.6713286713286714,1.0000000000000002,0.96,1,0,0,1,0,1,0
420,0.7513111888111889,0.9230769230769231,0.553,1,0,0,1,0,0,1
421,0.7910839160839161,0.15384615384615385,0.27999999999999997,0,1,0,0,0,0,1
422,0.7888986013986015,0.4615384615384616,0.526,0,0,1,0,0,0,1
423,0.5054632867132868,0.7692307692307694,0.6960000000000001,0,0,1,0,0,1,0
424,0.4921328671328671,0.8461538461538463,0.122,1,0,0,1,0,1,0
425,0.5054632867132868,0.38461538461538464,0.311,0,0,0,0,1,1,0
426,0.5476398601398602,1.0000000000000002,0.8170000000000001,0,1,0,0,0,0,1
427,0.4392482517482518,0.4615384615384616,0.48700000000000004,1,0,0,1,0,1,0
428,0.8876748251748253,0.3076923076923077,0.5690000000000001,1,0,0,1,0,0,1
429,0.5054632867132868,0.9230769230769231,0.4610000000000001,1,0,0,1,0,0,1
430,0.11276223776223779,0.38461538461538464,0.09200000000000001,0,0,0,1,0,1,0
431,0.138986013986014,0.3076923076923077,0.0,0,1,0,0,0,0,1
432,0.7604895104895106,1.0000000000000002,0.4730000000000001,1,1,0,0,0,1,0
433,0.6166958041958043,0.4615384615384616,0.24900000000000003,0,1,0,0,0,0,1
434,0.09702797202797206,0.07692307692307693,0.097,0,1,0,0,0,1,0
435,0.07954545454545456,1.0000000000000002,0.851,1,0,0,1,0,0,1
436,0.6997377622377623,0.4615384615384616,0.9820000000000001,1,1,0,0,0,1,0
437,0.06818181818181818,0.3076923076923077,0.8029999999999999,0,1,0,0,0,0,1
438,0.8212412587412588,0.38461538461538464,0.861,1,0,0,1,0,0,1
439,0.7049825174825175,0.38461538461538464,0.27999999999999997,1,0,0,1,0,1,0
440,0.07692307692307693,0.3076923076923077,0.9630000000000001,0,0,1,0,0,0,1
441,0.08041958041958044,0.6923076923076923,0.0,0,0,0,1,0,1,0
442,0.9868881118881121,0.4615384615384616,0.954,1,1,0,0,0,1,0
443,0.3715034965034965,0.6923076923076923,0.0,0,0,1,0,0,0,1
444,0.36756993006993005,0.5384615384615385,0.726,0,0,0,1,0,0,1
445,0.8120629370629372,0.4615384615384616,0.9820000000000001,1,1,0,0,0,1,0
446,0.9475524475524476,0.3076923076923077,0.5910000000000001,1,0,0,1,0,1,0
447,0.986451048951049,0.0,0.29700000000000004,0,0,1,0,0,1,0
448,0.7526223776223776,0.4615384615384616,0.4650000000000001,1,1,0,0,0,1,0
449,0.3732517482517483,0.3076923076923077,0.614,0,1,0,0,0,1,0
450,0.07910839160839161,0.6923076923076923,0.119,0,1,0,0,0,0,1
451,0.7762237762237764,0.07692307692307693,0.641,0,1,0,0,0,1,0
452,0.556381118881119,0.4615384615384616,0.9820000000000001,1,0,0,1,0,1,0
453,0.42176573426573427,0.3076923076923077,0.231,0,0,0,1,0,0,1
454,0.9064685314685316,0.3076923076923077,0.0,0,1,0,0,0,0,1
455,0.10708041958041961,0.07692307692307693,0.9130000000000001,0,0,1,0,0,0,1
456,0.4903846153846154,0.3076923076923077,0.9470000000000001,1,0,0,1,0,0,1
457,0.006555944055944056,0.9230769230769231,0.962,1,0,0,1,0,1,0
458,0.5054632867132868,0.23076923076923078,0.545,0,0,1,0,0,0,1
459,0.05157342657342658,0.4615384615384616,0.978,0,1,0,0,0,0,1
460,0.11451048951048953,0.15384615384615385,0.7690000000000001,0,0,0,1,0,0,1
461,0.11319930069930073,0.0,0.20400000000000001,0,0,0,1,0,1,0
462,0.6477272727272728,0.8461538461538463,0.503,1,0,1,0,0,1,0
463,0.7451923076923077,0.7692307692307694,0.7320000000000001,1,0,0,1,0,0,1
464,0.5817307692307693,0.3076923076923077,0.28500000000000003,0,1,0,0,0,0,1
465,0.9624125874125875,0.23076923076923078,0.659,1,0,1,0,0,1,0
466,0.3719405594405594,0.4615384615384616,0.683,0,1,0,0,0,1,0
467,0.28234265734265734,0.3076923076923077,0.205,0,0,1,0,0,0,1
468,0.5054632867132868,0.6923076923076923,0.5870000000000001,0,0,1,0,0,0,1
469,0.5054632867132868,1.0000000000000002,0.783,0,1,0,0,0,0,1
470,0.9632867132867133,0.4615384615384616,0.524,1,0,0,0,1,0,1
471,0.5054632867132868,0.07692307692307693,0.061,0,1,0,0,0,1,0
472,0.9702797202797202,0.23076923076923078,0.059,1,0,0,1,0,1,0
473,0.5054632867132868,0.8461538461538463,0.389,1,0,0,1,0,1,0
474,0.8911713286713288,0.07692307692307693,0.9300000000000002,1,0,0,1,0,1,0
475,0.5257867132867133,0.5384615384615385,0.267,0,0,1,0,0,0,1
476,0.993444055944056,0.15384615384615385,0.653,1,0,0,1,0,1,0
477,0.069493006993007,0.4615384615384616,0.261,0,0,0,1,0,1,0
478,0.5520104895104896,0.9230769230769231,0.35600000000000004,0,0,0,0,1,0,1
479,0.9694055944055944,0.23076923076923078,0.8560000000000001,0,0,1,0,0,0,1
480,0.5209790209790209,0.9230769230769231,0.742,1,1,0,0,0,1,0
481,0.6280594405594406,0.38461538461538464,0.0,0,0,1,0,0,0,1
482,0.6944930069930071,0.6923076923076923,0.4570000000000001,0,0,0,0,1,0,1
483,0.45192307692307687,0.3076923076923077,0.07800000000000001,0,0,1,0,0,1,0
484,0.6258741258741259,0.6923076923076923,0.507,0,1,0,0,0,1,0
485,0.5826048951048951,0.9230769230769231,0.679,1,1,0,0,0,1,0
486,0.9012237762237764,0.0,0.0,1,0,0,1,0,1,0
487,0.041083916083916074,0.6153846153846154,0.32400000000000007,0,0,0,1,0,0,1
488,0.27753496503496505,0.0,0.42800000000000005,0,0,0,0,1,1,0
489,0.9506118881118881,0.5384615384615385,0.924,1,0,0,0,1,1,0
490,0.8902972027972029,0.6153846153846154,0.994,1,0,0,1,0,1,0
491,0.45323426573426573,0.6153846153846154,0.09300000000000001,0,0,1,0,0,0,1
492,0.6184440559440559,0.0,0.7730000000000001,1,1,0,0,0,1,0
493,0.27403846153846156,0.07692307692307693,0.403,0,1,0,0,0,1,0
494,0.18444055944055948,0.8461538461538463,0.42300000000000004,0,0,0,1,0,0,1
495,0.46153846153846156,0.9230769230769231,0.767,0,1,0,0,0,0,1
496,0.3505244755244756,0.0,0.923,0,0,0,0,1,0,1
497,0.5817307692307693,0.6923076923076923,0.953,1,0,1,0,0,0,1
498,0.07342657342657344,0.07692307692307693,0.5980000000000001,1,0,0,1,0,1,0
499,0.5054632867132868,0.6923076923076923,0.389,0,1,0,0,0,0,1
500,0.5054632867132868,0.8461538461538463,0.798,1,0,0,1,0,0,1
501,0.6971153846153846,0.5384615384615385,0.288,1,0,0,1,0,1,0
502,0.5340909090909092,0.3076923076923077,0.5860000000000001,0,0,0,0,1,0,1
503,0.30638111888111885,0.8461538461538463,0.391,1,0,0,0,1,1,0
504,0.8133741258741259,0.7692307692307694,0.674,1,0,0,1,0,0,1
505,0.6835664335664337,0.4615384615384616,0.27799999999999997,1,0,0,1,0,1,0
506,0.15865384615384617,0.07692307692307693,0.23199999999999998,1,0,0,1,0,1,0
507,0.5054632867132868,0.5384615384615385,0.9220000000000002,1,0,1,0,0,1,0
508,0.8221153846153848,0.7692307692307694,0.147,1,0,0,1,0,0,1
509,0.9501748251748253,0.38461538461538464,0.531,1,0,0,1,0,1,0
510,0.7246503496503498,0.5384615384615385,0.26,0,1,0,0,0,0,1
511,0.6118881118881119,0.0,0.08700000000000001,0,0,0,1,0,0,1
512,0.4156468531468531,0.0,0.084,0,0,0,1,0,0,1
513,0.9326923076923077,0.8461538461538463,0.21600000000000003,1,1,0,0,0,1,0
514,0.8658216783216784,0.4615384615384616,0.8730000000000001,1,1,0,0,0,1,0
515,0.040646853146853144,0.5384615384615385,0.31800000000000006,1,0,0,1,0,1,0
516,0.021853146853146856,0.9230769230769231,0.953,1,0,0,1,0,0,1
517,0.3736888111888112,0.15384615384615385,0.6030000000000001,0,0,0,1,0,0,1
518,0.8098776223776225,0.3076923076923077,0.4650000000000001,1,1,0,0,0,1,0
519,0.9877622377622379,0.8461538461538463,0.601,1,0,0,1,0,0,1
520,0.14641608391608393,0.0,0.541,0,1,0,0,0,1,0
521,0.5926573426573427,0.4615384615384616,0.771,1,0,0,1,0,0,1
522,0.3780594405594406,0.3076923076923077,0.31800000000000006,0,1,0,0,0,1,0
523,0.9702797202797202,0.5384615384615385,0.385,1,1,0,0,0,1,0
524,0.8417832167832169,0.9230769230769231,0.899,0,1,0,0,0,0,1
525,0.8378496503496504,0.5384615384615385,0.9490000000000001,0,1,0,0,0,0,1
526,0.46634615384615385,0.6153846153846154,0.8980000000000001,1,1,0,0,0,1,0
527,0.41215034965034963,0.4615384615384616,0.44800000000000006,0,1,0,0,0,1,0
528,0.2701048951048951,0.7692307692307694,0.791,1,0,0,1,0,0,1
529,0.05201048951048951,0.0,0.503,0,0,0,1,0,0,1
530,0.8645104895104896,0.9230769230769231,0.523,1,1,0,0,0,1,0
531,0.8125,0.15384615384615385,0.244,0,0,1,0,0,1,0
532,1.0,0.5384615384615385,0.6120000000000001,0,1,0,0,0,0,1
533,0.9969405594405596,0.15384615384615385,0.227,1,0,0,1,0,1,0
534,0.5533216783216783,0.5384615384615385,0.365,0,1,0,0,0,0,1
535,0.7683566433566434,0.0,0.862,0,1,0,0,0,1,0
536,0.94493006993007,0.3076923076923077,0.24700000000000003,1,0,0,1,0,0,1
537,0.8492132867132868,0.23076923076923078,0.118,1,0,0,1,0,1,0
538,0.24388111888111894,0.3076923076923077,0.11599999999999999,0,0,1,0,0,1,0
539,0.44798951048951047,0.5384615384615385,0.944,1,0,0,1,0,1,0
540,0.12500000000000003,0.6923076923076923,0.532,0,0,1,0,0,1,0
541,0.9541083916083917,1.0000000000000002,0.439,1,0,0,0,1,1,0
542,0.604458041958042,0.4615384615384616,0.82,1,1,0,0,0,1,0
543,0.22508741258741263,0.7692307692307694,0.844,1,1,0,0,0,1,0
544,0.6704545454545455,0.23076923076923078,0.36600000000000005,0,1,0,0,0,1,0
545,0.6166958041958043,0.4615384615384616,0.7090000000000001,1,0,0,1,0,1,0
546,0.35533216783216787,0.4615384615384616,0.783,1,0,0,1,0,0,1
547,0.10926573426573427,0.15384615384615385,0.672,0,1,0,0,0,0,1
548,0.6704545454545455,0.8461538461538463,0.194,1,0,1,0,0,1,0
549,0.5183566433566434,0.15384615384615385,0.0,0,0,0,0,1,0,1
550,0.7714160839160841,0.7692307692307694,0.562,1,1,0,0,0,1,0
551,0.5179195804195805,0.4615384615384616,0.31800000000000006,0,0,0,0,1,0,1
552,0.8518356643356645,0.3076923076923077,0.454,0,1,0,0,0,1,0
553,0.5498251748251748,0.4615384615384616,0.08600000000000001,0,1,0,0,0,1,0
554,0.5590034965034966,1.0000000000000002,0.171,0,1,0,0,0,1,0
555,0.8763111888111889,0.38461538461538464,0.777,1,0,0,1,0,1,0
556,0.4007867132867133,0.5384615384615385,0.05,0,1,0,0,0,0,1
557,0.5054632867132868,0.6923076923076923,0.446,0,1,0,0,0,0,1
558,0.02403846153846153,0.38461538461538464,0.546,0,0,1,0,0,0,1
559,0.7543706293706295,0.8461538461538463,0.10200000000000001,1,0,0,1,0,1,0
560,0.618881118881119,0.0,0.9740000000000001,0,0,1,0,0,0,1
561,0.7027972027972029,0.5384615384615385,0.265,1,1,0,0,0,1,0
562,0.2093531468531469,0.5384615384615385,0.339,0,1,0,0,0,0,1
563,0.13243006993006992,0.6153846153846154,0.339,0,0,0,1,0,0,1
564,0.5054632867132868,0.6153846153846154,0.269,0,1,0,0,0,0,1
565,0.347465034965035,0.07692307692307693,0.051000000000000004,0,1,0,0,0,1,0
566,0.5882867132867133,0.07692307692307693,0.743,1,0,0,1,0,1,0
567,0.3894230769230769,0.15384615384615385,0.969,0,0,0,1,0,0,1
568,0.4348776223776224,0.0,0.263,1,0,0,1,0,1,0
569,0.9042832167832169,0.23076923076923078,0.68,1,0,0,1,0,0,1
570,0.34527972027972026,1.0000000000000002,0.755,1,0,0,1,0,1,0
571,0.5118006993006994,0.23076923076923078,0.8560000000000001,0,1,0,0,0,1,0
572,0.7827797202797203,1.0000000000000002,0.0,0,1,0,0,0,0,1
573,0.3937937062937063,0.6153846153846154,0.338,0,0,0,0,1,1,0
574,0.6206293706293707,0.6153846153846154,0.0,0,1,0,0,0,0,1
575,0.8618881118881119,0.6153846153846154,0.727,1,0,1,0,0,1,0
576,0.5054632867132868,0.6923076923076923,0.8260000000000001,1,0,0,1,0,0,1
577,0.14291958041958044,0.4615384615384616,0.223,1,0,0,1,0,1,0
578,0.5054632867132868,1.0000000000000002,0.40199999999999997,0,1,0,0,0,0,1
579,0.4899475524475525,0.07692307692307693,0.907,0,1,0,0,0,1,0
580,0.25480769230769235,0.6923076923076923,0.8160000000000001,1,1,0,0,0,1,0
581,0.4567307692307693,0.3076923076923077,0.986,1,1,0,0,0,1,0
582,0.9803321678321679,0.23076923076923078,0.767,1,1,0,0,0,1,0
583,0.4903846153846154,0.4615384615384616,0.42400000000000004,1,0,0,1,0,1,0
584,0.3256118881118881,0.7692307692307694,0.6110000000000001,0,0,0,1,0,0,1
585,0.6319930069930071,0.5384615384615385,0.678,1,0,0,1,0,0,1
586,0.236451048951049,0.07692307692307693,0.0,0,0,0,1,0,0,1
587,0.07124125874125875,0.38461538461538464,0.5670000000000001,0,0,1,0,0,1,0
588,0.12456293706293708,0.9230769230769231,0.7240000000000001,0,1,0,0,0,0,1
589,0.12412587412587414,0.3076923076923077,0.209,0,1,0,0,0,1,0
590,0.14772727272727276,0.8461538461538463,0.792,1,1,0,0,0,1,0
591,0.5054632867132868,0.4615384615384616,0.605,0,0,0,1,0,0,1
592,0.639423076923077,0.7692307692307694,0.0,0,0,1,0,0,0,1
593,0.1778846153846154,0.6923076923076923,0.09000000000000001,0,0,0,0,1,0,1
594,0.34265734265734266,0.0,0.30200000000000005,0,0,0,0,1,0,1
595,0.8968531468531469,0.5384615384615385,0.621,0,0,0,0,1,0,1
596,0.47159090909090917,0.07692307692307693,0.332,0,1,0,0,0,0,1
597,0.6660839160839161,0.4615384615384616,0.7290000000000001,1,1,0,0,0,1,0
598,0.16826923076923078,0.6153846153846154,0.771,1,0,0,1,0,1,0
599,0.1883741258741259,0.6153846153846154,0.147,0,0,1,0,0,0,1
600,0.03627622377622377,0.5384615384615385,0.538,0,1,0,0,0,0,1
601,0.1652097902097902,0.7692307692307694,0.533,0,0,0,0,1,0,1
602,0.27534965034965037,1.0000000000000002,0.401,0,1,0,0,0,1,0
603,0.1730769230769231,0.8461538461538463,0.9359999999999999,1,0,0,1,0,1,0
604,0.08435314685314688,0.4615384615384616,0.836,0,0,0,1,0,0,1
605,0.5054632867132868,0.4615384615384616,0.7120000000000001,0,0,0,1,0,0,1
606,0.45847902097902105,0.07692307692307693,0.7290000000000001,0,0,1,0,0,1,0
607,0.20279720279720284,0.38461538461538464,0.489,0,0,1,0,0,0,1
608,0.361451048951049,0.4615384615384616,0.925,0,0,1,0,0,0,1
609,0.5054632867132868,1.0000000000000002,0.71,1,1,0,0,0,1,0
610,0.5054632867132868,0.23076923076923078,0.743,1,0,0,1,0,0,1
611,0.034527972027972025,0.3076923076923077,0.869,0,0,0,0,1,0,1
612,0.7989510489510491,0.8461538461538463,0.31000000000000005,1,0,0,1,0,1,0
613,0.6263111888111889,0.15384615384615385,0.8170000000000001,1,0,0,1,0,0,1
614,0.07736013986013987,1.0000000000000002,0.23500000000000001,0,0,0,1,0,0,1
615,0.8732517482517483,0.0,0.378,1,0,0,1,0,1,0
616,0.9208916083916084,0.5384615384615385,0.369,0,0,1,0,0,0,1
617,0.05638111888111889,0.4615384615384616,0.9800000000000001,0,1,0,0,0,1,0
618,0.2736013986013986,0.15384615384615385,0.8640000000000001,1,0,0,1,0,1,0
619,0.805506993006993,0.6923076923076923,0.7160000000000001,1,1,0,0,0,1,0
620,0.7473776223776225,1.0000000000000002,0.7410000000000001,1,1,0,0,0,1,0
621,0.18050699300699305,0.4615384615384616,0.584,0,1,0,0,0,0,1
622,0.20585664335664342,0.4615384615384616,0.0,1,0,0,0,1,1,0
623,0.36756993006993005,0.0,0.521,0,0,1,0,0,1,0
624,0.4820804195804196,0.4615384615384616,0.41100000000000003,1,0,0,0,1,1,0
625,0.6166958041958043,0.6153846153846154,0.205,0,0,1,0,0,0,1
626,0.3662587412587413,0.07692307692307693,0.797,0,1,0,0,0,0,1
627,0.4602272727272728,0.3076923076923077,0.7480000000000001,0,1,0,0,0,1,0
628,0.7465034965034966,0.9230769230769231,0.41500000000000004,1,0,0,1,0,0,1
629,0.03190559440559441,1.0000000000000002,0.074,1,0,0,1,0,1,0
630,0.5054632867132868,0.4615384615384616,0.0,0,0,0,1,0,0,1
631,0.7124125874125875,1.0000000000000002,0.061,0,1,0,0,0,0,1
632,0.8951048951048952,0.5384615384615385,0.7190000000000001,1,0,0,1,0,1,0
633,0.5096153846153846,1.0000000000000002,0.9720000000000001,1,0,0,1,0,1,0
634,0.5301573426573427,0.5384615384615385,0.466,0,1,0,0,0,1,0
635,0.5054632867132868,1.0000000000000002,0.273,0,0,0,1,0,0,1
636,0.4449300699300699,0.4615384615384616,0.7200000000000001,1,0,0,0,1,0,1
637,0.5305944055944056,0.4615384615384616,0.8260000000000001,1,0,0,1,0,0,1
638,0.2390734265734266,0.8461538461538463,0.5690000000000001,0,1,0,0,0,0,1
639,0.2657342657342658,0.7692307692307694,0.969,1,0,0,1,0,0,1
640,0.3745629370629371,0.4615384615384616,0.099,0,1,0,0,0,1,0
641,0.015297202797202793,0.38461538461538464,0.53,0,1,0,0,0,1,0
642,0.31905594405594406,0.7692307692307694,0.0,1,0,0,1,0,1,0
643,0.20760489510489513,0.6153846153846154,0.87,1,0,0,0,1,1,0
644,0.32430069930069927,0.38461538461538464,0.22000000000000003,0,1,0,0,0,0,1
645,0.11538461538461539,0.8461538461538463,0.81,1,0,0,1,0,1,0
646,0.8902972027972029,0.9230769230769231,0.5750000000000001,1,0,0,1,0,0,1
647,0.5917832167832169,0.4615384615384616,0.427,1,0,0,0,1,1,0
648,0.6778846153846155,0.07692307692307693,0.17500000000000002,0,0,0,1,0,0,1
649,0.7884615384615384,0.07692307692307693,0.8720000000000001,1,0,0,1,0,1,0
650,0.49606643356643365,0.9230769230769231,0.199,1,0,0,1,0,1,0
651,0.08260489510489513,0.3076923076923077,0.34400000000000003,0,1,0,0,0,1,0
652,0.534965034965035,0.23076923076923078,0.326,0,1,0,0,0,1,0
653,0.5852272727272728,0.7692307692307694,0.878,1,0,0,1,0,0,1
654,0.7447552447552448,0.07692307692307693,0.6890000000000001,1,0,0,1,0,1,0
655,0.4291958041958042,0.15384615384615385,0.807,0,0,0,1,0,0,1
656,0.12325174825174828,0.4615384615384616,0.288,0,1,0,0,0,1,0
657,0.5054632867132868,0.5384615384615385,0.0,1,1,0,0,0,1,0
658,0.36013986013986016,0.8461538461538463,0.593,1,0,0,1,0,0,1
659,0.6446678321678322,0.9230769230769231,0.8410000000000001,1,1,0,0,0,1,0
660,0.5690559440559442,0.4615384615384616,0.911,1,0,0,1,0,1,0
661,0.3531468531468531,0.7692307692307694,0.062,0,1,0,0,0,0,1
662,0.9868881118881121,0.3076923076923077,0.6900000000000001,1,0,0,1,0,1,0
663,0.6040209790209791,0.4615384615384616,0.099,0,0,1,0,0,0,1
664,0.23382867132867138,0.4615384615384616,0.5710000000000001,0,1,0,0,0,1,0
665,0.09746503496503497,0.4615384615384616,0.323,1,0,0,1,0,1,0
666,0.14903846153846154,0.15384615384615385,0.341,0,1,0,0,0,1,0
667,0.24256993006993013,0.38461538461538464,0.385,1,0,0,1,0,1,0
668,0.15690559440559443,0.15384615384615385,0.6400000000000001,1,0,0,1,0,1,0
669,0.1826923076923077,0.4615384615384616,0.367,1,0,0,1,0,1,0
670,0.2819055944055944,0.9230769230769231,0.0,1,0,0,1,0,0,1
671,0.1695804195804196,1.0000000000000002,0.434,1,0,0,0,1,1,0
672,0.8968531468531469,0.4615384615384616,0.0,0,1,0,0,0,1,0
673,0.07604895104895107,0.8461538461538463,0.795,0,0,0,0,1,0,1
674,0.5222902097902098,0.6153846153846154,0.321,0,0,1,0,0,0,1
675,0.5054632867132868,0.3076923076923077,0.4610000000000001,1,0,0,0,1,1,0
676,0.9825174825174825,0.5384615384615385,0.7010000000000001,1,0,1,0,0,1,0
677,0.10795454545454547,0.6923076923076923,0.36600000000000005,0,0,0,1,0,0,1
678,0.39510489510489516,0.6923076923076923,0.10400000000000001,0,0,1,0,0,0,1
679,0.9698426573426575,0.5384615384615385,0.405,1,0,0,1,0,0,1
680,0.5054632867132868,0.0,0.9470000000000001,1,0,0,1,0,1,0
681,0.8164335664335665,0.8461538461538463,0.66,0,0,1,0,0,0,1
682,0.2543706293706294,0.3076923076923077,0.6880000000000001,1,0,0,1,0,0,1
683,0.16695804195804198,0.15384615384615385,0.651,0,1,0,0,0,0,1
684,0.5054632867132868,0.0,0.23900000000000002,0,1,0,0,0,1,0
685,0.9296328671328672,0.23076923076923078,0.447,0,1,0,0,0,0,1
686,0.5550699300699301,0.5384615384615385,0.763,1,0,0,0,1,1,0
687,0.56993006993007,0.15384615384615385,0.146,0,1,0,0,0,0,1
688,0.27666083916083917,0.6923076923076923,0.0,1,0,0,1,0,1,0
689,0.5054632867132868,0.07692307692307693,0.313,0,0,0,1,0,0,1
690,0.18312937062937065,0.7692307692307694,0.45999999999999996,1,0,0,1,0,1,0
691,0.32036713286713286,0.6153846153846154,0.9810000000000001,1,0,0,1,0,1,0
692,0.4230769230769231,0.6923076923076923,0.11399999999999999,0,1,0,0,0,0,1
693,0.5056818181818182,0.3076923076923077,0.543,0,1,0,0,0,1,0
694,0.2390734265734266,1.0000000000000002,0.22000000000000003,0,1,0,0,0,1,0
695,0.1105769230769231,0.4615384615384616,0.9720000000000001,0,0,0,1,0,0,1
696,0.6088286713286714,0.7692307692307694,0.15800000000000003,0,0,0,0,1,0,1
697,0.5054632867132868,0.7692307692307694,0.43300000000000005,0,1,0,0,0,0,1
698,0.5054632867132868,0.07692307692307693,0.751,1,0,0,1,0,1,0
699,0.15034965034965037,0.6153846153846154,0.7190000000000001,1,0,1,0,0,1,0
700,0.47902097902097907,0.9230769230769231,0.45199999999999996,0,1,0,0,0,0,1
701,0.5305944055944056,0.6153846153846154,0.379,1,0,0,1,0,1,0
702,0.04720279720279721,0.4615384615384616,0.42800000000000005,0,0,0,1,0,1,0
703,0.333479020979021,0.23076923076923078,0.301,1,0,0,1,0,1,0
704,0.13024475524475526,0.38461538461538464,0.24500000000000002,0,0,1,0,0,0,1
705,0.059003496503496504,0.6923076923076923,0.509,0,1,0,0,0,1,0
706,0.9903846153846154,0.6923076923076923,0.305,1,1,0,0,0,1,0
707,0.31905594405594406,0.6923076923076923,0.323,0,0,1,0,0,0,1
708,0.8094405594405595,0.38461538461538464,0.674,1,0,0,1,0,1,0
709,0.25131118881118886,0.8461538461538463,0.97,1,0,0,1,0,1,0
710,0.6800699300699302,0.0,0.6230000000000001,1,0,0,1,0,1,0
711,0.7596153846153846,1.0000000000000002,0.123,1,0,0,1,0,1,0
712,0.5939685314685315,1.0000000000000002,0.122,1,0,1,0,0,1,0
713,0.4694055944055944,0.4615384615384616,0.954,1,0,1,0,0,1,0
714,0.4090909090909091,0.07692307692307693,0.0,0,0,0,1,0,0,1
715,0.34571678321678323,0.3076923076923077,0.0,0,1,0,0,0,0,1
716,0.5054632867132868,0.6153846153846154,0.0,1,0,1,0,0,1,0
717,0.8299825174825176,0.23076923076923078,0.642,0,1,0,0,0,1,0
718,0.9654720279720281,0.7692307692307694,0.666,0,1,0,0,0,0,1
719,0.12019230769230771,0.15384615384615385,0.30400000000000005,0,0,1,0,0,1,0
720,0.7298951048951049,0.4615384615384616,0.064,0,1,0,0,0,1,0
721,0.9383741258741258,0.38461538461538464,0.9670000000000001,0,1,0,0,0,0,1
722,0.17744755244755248,0.5384615384615385,0.288,0,1,0,0,0,0,1
723,0.062062937062937064,0.15384615384615385,0.6920000000000001,0,0,1,0,0,0,1
724,0.7403846153846155,0.3076923076923077,0.7210000000000001,1,0,0,1,0,1,0
725,0.5725524475524476,0.6923076923076923,0.63,1,0,0,0,1,0,1
726,0.8413461538461539,0.23076923076923078,0.34700000000000003,0,1,0,0,0,0,1
727,0.1354895104895105,0.9230769230769231,0.30800000000000005,1,0,0,1,0,1,0
728,0.7945804195804196,0.23076923076923078,0.618,1,0,0,1,0,0,1
729,0.1979895104895105,0.23076923076923078,0.8730000000000001,0,1,0,0,0,0,1
730,0.15952797202797203,0.6923076923076923,0.9490000000000001,0,0,0,1,0,0,1
731,0.16040209790209795,0.5384615384615385,0.15100000000000002,0,1,0,0,0,1,0
732,0.8142482517482518,0.38461538461538464,0.197,1,0,1,0,0,0,1
733,0.6638986013986015,0.15384615384615385,0.9470000000000001,0,0,0,0,1,0,1
734,0.5209790209790209,0.6923076923076923,0.75,0,0,1,0,0,0,1
735,0.3557692307692308,0.4615384615384616,0.8890000000000001,0,1,0,0,0,1,0
736,0.8771853146853148,0.38461538461538464,0.24300000000000002,0,0,0,1,0,0,1
737,0.38986013986013984,0.3076923076923077,0.6080000000000001,0,0,0,1,0,0,1
738,0.8159965034965037,0.38461538461538464,0.7160000000000001,1,0,0,1,0,0,1
739,0.4366258741258741,0.4615384615384616,0.6960000000000001,0,0,1,0,0,1,0
740,0.3741258741258741,0.4615384615384616,0.438,0,1,0,0,0,1,0
741,0.4602272727272728,0.3076923076923077,0.065,0,1,0,0,0,0,1
742,0.2980769230769231,0.6923076923076923,0.6040000000000001,1,0,0,1,0,1,0
743,0.7469405594405595,0.38461538461538464,0.29,1,0,0,1,0,0,1
744,0.500437062937063,1.0000000000000002,0.47800000000000004,1,0,0,1,0,0,1
745,0.22858391608391612,0.23076923076923078,0.96,0,1,0,0,0,1,0
746,0.8994755244755246,0.8461538461538463,0.42900000000000005,1,0,0,1,0,0,1
747,0.5054632867132868,0.6153846153846154,0.8480000000000001,1,1,0,0,0,1,0
748,0.5415209790209791,0.9230769230769231,0.0,1,0,0,1,0,0,1
749,0.9064685314685316,0.23076923076923078,0.6890000000000001,1,0,0,1,0,1,0
750,0.6228146853146853,0.0,0.978,0,0,0,0,1,0,1
751,0.11276223776223779,0.4615384615384616,0.147,0,1,0,0,0,1,0
752,0.9401223776223777,0.4615384615384616,0.057999999999999996,0,0,0,1,0,0,1
753,0.6263111888111889,0.23076923076923078,0.462,0,1,0,0,0,1,0
754,0.3317307692307692,0.9230769230769231,0.13799999999999998,0,1,0,0,0,0,1
755,0.13505244755244758,1.0000000000000002,0.0,1,0,0,1,0,1,0
756,0.793269230769231,0.15384615384615385,0.919,0,0,1,0,0,0,1
757,0.6184440559440559,0.4615384615384616,0.462,0,1,0,0,0,1,0
758,0.5314685314685315,0.3076923076923077,0.296,0,0,0,1,0,0,1
759,0.8937937062937064,0.6923076923076923,0.463,0,0,1,0,0,0,1
760,0.7880244755244756,0.4615384615384616,0.7370000000000001,1,0,1,0,0,1,0
761,0.14772727272727276,0.23076923076923078,0.059,0,1,0,0,0,0,1
762,0.3085664335664336,0.23076923076923078,0.61,0,0,1,0,0,0,1
763,0.24519230769230774,0.5384615384615385,0.0,0,1,0,0,0,1,0
764,0.743006993006993,1.0000000000000002,0.656,1,1,0,0,0,1,0
765,0.028846153846153848,0.5384615384615385,0.27999999999999997,0,1,0,0,0,0,1
766,0.5681818181818182,0.07692307692307693,0.7280000000000001,1,0,0,0,1,1,0
767,0.7618006993006994,1.0000000000000002,0.137,1,1,0,0,0,0,1
768,0.8767482517482519,0.07692307692307693,0.23900000000000002,0,1,0,0,0,0,1
769,0.33916083916083917,0.15384615384615385,0.884,0,1,0,0,0,1,0
770,0.820804195804196,0.8461538461538463,0.752,1,0,1,0,0,1,0
771,0.10620629370629373,0.8461538461538463,0.063,0,0,1,0,0,1,0
772,0.8461538461538461,0.4615384615384616,0.286,0,1,0,0,0,0,1
773,0.12325174825174828,0.0,0.254,0,0,1,0,0,1,0
774,0.3946678321678322,1.0000000000000002,0.307,0,0,1,0,0,0,1
775,0.7967657342657343,0.15384615384615385,0.28500000000000003,0,0,0,1,0,0,1
776,0.14597902097902102,0.38461538461538464,0.0,0,1,0,0,0,0,1
777,0.22552447552447555,0.5384615384615385,0.48600000000000004,1,0,0,1,0,1,0
778,0.7211538461538461,0.4615384615384616,0.746,1,0,1,0,0,1,0
779,0.7189685314685315,0.8461538461538463,0.626,1,0,0,1,0,1,0
780,0.6398601398601399,1.0000000000000002,0.6890000000000001,1,1,0,0,0,1,0
781,0.6927447552447553,0.6923076923076923,0.127,1,0,0,1,0,0,1
782,0.5406468531468532,0.38461538461538464,0.954,1,0,0,1,0,0,1
783,0.2482517482517483,0.3076923076923077,0.8470000000000001,0,0,0,0,1,0,1
784,0.34265734265734266,0.23076923076923078,0.8150000000000001,0,1,0,0,0,0,1
785,0.1778846153846154,0.15384615384615385,0.8320000000000001,0,1,0,0,0,1,0
786,0.9082167832167833,0.9230769230769231,0.9359999999999999,1,0,1,0,0,1,0
787,0.5817307692307693,0.23076923076923078,0.5670000000000001,0,0,1,0,0,0,1
788,0.39816433566433573,1.0000000000000002,0.0,0,1,0,0,0,0,1
789,0.4597902097902099,0.4615384615384616,0.6360000000000001,0,0,1,0,0,0,1
790,0.9475524475524476,0.0,0.756,0,1,0,0,0,0,1
791,0.1494755244755245,0.4615384615384616,0.751,1,0,0,1,0,1,0
792,0.5843531468531469,0.0,0.545,1,0,0,1,0,1,0
793,0.5039335664335665,0.07692307692307693,0.11499999999999999,0,0,1,0,0,1,0
794,0.6097027972027973,0.23076923076923078,0.0,1,0,1,0,0,0,1
795,0.013548951048951041,0.0,0.0,0,1,0,0,0,0,1
796,0.5054632867132868,0.7692307692307694,0.605,0,0,0,0,1,0,1
797,0.9322552447552449,0.4615384615384616,0.561,1,1,0,0,0,1,0
798,0.5633741258741259,0.7692307692307694,0.305,1,0,0,1,0,1,0
799,0.6953671328671329,0.7692307692307694,0.4,1,0,0,1,0,0,1
800,0.9226398601398602,0.4615384615384616,0.901,1,0,0,1,0,1,0
801,0.7062937062937064,0.8461538461538463,0.683,1,1,0,0,0,1,0
802,0.14860139860139862,0.38461538461538464,0.798,0,0,1,0,0,0,1
803,0.5743006993006994,0.4615384615384616,0.48200000000000004,1,1,0,0,0,0,1
804,0.6048951048951049,0.0,0.649,0,1,0,0,0,1,0
805,0.42176573426573427,0.0,0.286,0,0,0,1,0,1,0
806,0.7355769230769232,0.38461538461538464,0.7200000000000001,1,0,0,1,0,0,1
807,0.9344405594405595,0.23076923076923078,0.45599999999999996,0,0,0,0,1,0,1
808,0.9256993006993007,0.23076923076923078,0.47000000000000003,0,1,0,0,0,0,1
809,0.44842657342657344,0.4615384615384616,0.667,0,0,0,0,1,0,1
810,0.5054632867132868,0.38461538461538464,0.0,0,0,1,0,0,1,0
811,0.9851398601398602,1.0000000000000002,0.11100000000000002,1,0,0,1,0,1,0
812,0.5054632867132868,0.8461538461538463,0.8340000000000001,0,1,0,0,0,0,1
813,0.12062937062937065,0.7692307692307694,0.328,1,0,0,1,0,1,0
814,0.9208916083916084,0.4615384615384616,0.472,0,0,0,1,0,0,1
815,0.8697552447552449,0.6153846153846154,0.071,1,0,0,1,0,0,1
816,0.5166083916083917,0.6923076923076923,0.336,0,0,0,1,0,0,1
817,0.5895979020979021,0.4615384615384616,0.527,0,0,1,0,0,0,1
818,0.3964160839160839,0.6153846153846154,0.10300000000000001,0,0,1,0,0,0,1
819,0.05026223776223775,0.23076923076923078,0.517,1,0,0,1,0,1,0
820,0.33216783216783224,0.9230769230769231,0.931,0,0,0,0,1,0,1
821,0.8024475524475525,0.6923076923076923,0.15000000000000002,1,0,1,0,0,1,0
822,0.0,0.07692307692307693,0.776,0,0,0,1,0,0,1
823,0.3304195804195804,0.15384615384615385,0.0,0,0,0,1,0,0,1
824,0.3955419580419581,0.9230769230769231,0.672,0,1,0,0,0,0,1
825,0.5054632867132868,0.7692307692307694,0.29700000000000004,1,0,1,0,0,1,0
826,0.9200174825174826,0.0,0.202,0,0,0,1,0,0,1
827,0.3435314685314686,1.0000000000000002,0.202,0,1,0,0,0,1,0
828,0.3439685314685315,1.0000000000000002,0.11699999999999999,1,0,0,1,0,1,0
829,0.7364510489510491,0.38461538461538464,0.22599999999999998,1,0,1,0,0,1,0
830,0.4497377622377623,0.9230769230769231,0.681,1,1,0,0,0,1,0
831,0.22115384615384617,0.38461538461538464,0.8880000000000001,0,0,1,0,0,0,1
832,0.4501748251748252,0.0,0.8230000000000001,0,0,0,1,0,0,1
833,0.13680069930069932,0.7692307692307694,0.7010000000000001,0,0,0,1,0,0,1
834,0.17263986013986016,0.9230769230769231,0.15500000000000003,0,1,0,0,0,1,0
835,0.49606643356643365,0.15384615384615385,0.325,0,1,0,0,0,0,1
836,0.41652097902097907,0.3076923076923077,0.34400000000000003,0,0,1,0,0,0,1
837,0.9147727272727273,0.15384615384615385,0.28700000000000003,0,1,0,0,0,1,0
838,0.3597027972027972,0.6923076923076923,0.539,0,0,0,0,1,0,1
839,0.5786713286713286,0.15384615384615385,0.559,0,1,0,0,0,1,0
840,0.6306818181818182,1.0000000000000002,0.389,1,1,0,0,0,1,0
841,0.0083041958041958,0.6923076923076923,0.386,0,1,0,0,0,0,1
842,0.6621503496503498,0.15384615384615385,0.837,1,0,0,1,0,0,1
843,0.17395104895104896,0.3076923076923077,0.8,0,0,1,0,0,0,1
844,0.9611013986013988,0.9230769230769231,0.342,1,1,0,0,0,1,0
845,0.1446678321678322,0.3076923076923077,0.918,0,1,0,0,0,1,0
846,0.41215034965034963,0.23076923076923078,0.9550000000000001,0,1,0,0,0,1,0
847,0.08085664335664336,0.0,0.36000000000000004,0,0,0,1,0,1,0
848,0.9973776223776225,0.4615384615384616,0.387,1,0,0,1,0,1,0
849,0.5000000000000001,0.6923076923076923,0.53,0,0,1,0,0,0,1
850,0.5054632867132868,0.3076923076923077,0.944,1,0,0,1,0,0,1
851,0.0625,0.23076923076923078,0.883,1,0,0,1,0,1,0
852,0.7491258741258742,0.38461538461538464,0.147,0,0,0,0,1,0,1
853,0.20629370629370633,0.4615384615384616,0.42300000000000004,0,0,1,0,0,0,1
854,0.8981643356643357,0.23076923076923078,0.576,0,1,0,0,0,1,0
855,0.20148601398601398,1.0000000000000002,0.528,0,1,0,0,0,0,1
856,0.18706293706293708,0.4615384615384616,0.23399999999999999,0,0,0,1,0,1,0
857,0.03190559440559441,0.4615384615384616,0.8660000000000001,1,0,0,1,0,0,1
858,0.4698426573426574,0.07692307692307693,0.6930000000000001,0,0,0,1,0,0,1
859,0.562937062937063,0.15384615384615385,0.8460000000000001,1,0,0,1,0,1,0
860,0.06118881118881118,0.0,0.8660000000000001,0,0,0,1,0,0,1
861,0.7749125874125875,0.5384615384615385,0.7610000000000001,0,1,0,0,0,0,1
862,0.45104895104895104,0.4615384615384616,0.467,0,0,1,0,0,0,1
863,0.5222902097902098,0.23076923076923078,0.63,0,0,0,1,0,0,1
864,0.43837412587412594,0.38461538461538464,0.202,1,0,0,1,0,0,1
865,0.39816433566433573,0.6153846153846154,0.6900000000000001,0,0,0,1,0,0,1
866,0.5576923076923077,0.38461538461538464,0.22000000000000003,0,1,0,0,0,0,1
867,0.15122377622377625,1.0000000000000002,0.7090000000000001,1,0,0,1,0,0,1
868,0.1778846153846154,0.8461538461538463,0.268,1,0,0,1,0,1,0
869,0.8614510489510491,0.8461538461538463,0.16200000000000003,1,1,0,0,0,1,0
870,0.9462412587412589,0.8461538461538463,0.207,1,0,0,0,1,0,1
871,0.5054632867132868,0.6153846153846154,0.052000000000000005,0,0,1,0,0,0,1
872,0.2674825174825175,0.23076923076923078,0.7330000000000001,0,0,0,0,1,0,1
873,0.6424825174825175,0.5384615384615385,0.746,0,0,1,0,0,0,1
874,0.40603146853146854,0.6153846153846154,0.0,1,1,0,0,0,1,0
875,0.02054195804195804,0.23076923076923078,0.20299999999999999,0,1,0,0,0,1,0
876,0.1520979020979021,0.3076923076923077,0.129,0,1,0,0,0,0,1
877,0.715034965034965,1.0000000000000002,0.068,0,0,0,1,0,0,1
878,0.6577797202797203,0.5384615384615385,0.207,0,0,0,0,1,0,1
879,0.0222902097902098,0.8461538461538463,0.8960000000000001,1,1,0,0,0,1,0
880,0.21853146853146857,0.6923076923076923,0.279,0,0,1,0,0,0,1
881,0.22727272727272727,0.4615384615384616,0.387,1,0,1,0,0,1,0
882,0.6704545454545455,0.38461538461538464,0.15000000000000002,1,0,0,1,0,1,0
883,0.014860139860139863,0.8461538461538463,0.261,0,1,0,0,0,0,1
884,0.09965034965034966,0.4615384615384616,0.543,0,1,0,0,0,1,0
885,0.7993881118881119,0.15384615384615385,0.627,1,1,0,0,0,1,0
886,0.17482517482517487,0.4615384615384616,0.28300000000000003,1,0,0,1,0,1,0
887,0.6512237762237764,0.8461538461538463,0.10500000000000001,0,0,1,0,0,0,1
888,0.23470279720279727,1.0000000000000002,0.42100000000000004,1,0,0,1,0,0,1
889,0.09527972027972029,0.5384615384615385,0.272,0,1,0,0,0,1,0
890,0.23951048951048956,0.6923076923076923,0.0,1,0,0,1,0,1,0
891,0.5054632867132868,0.38461538461538464,0.962,1,1,0,0,0,1,0
892,0.8553321678321679,0.6923076923076923,0.635,1,1,0,0,0,1,0
893,0.5054632867132868,0.6153846153846154,0.5790000000000001,1,0,0,1,0,1,0
894,0.3946678321678322,0.9230769230769231,0.44500000000000006,1,0,0,1,0,1,0
895,0.6669580419580421,0.38461538461538464,0.4570000000000001,0,1,0,0,0,0,1
896,0.20104895104895107,0.8461538461538463,0.564,0,1,0,0,0,1,0
897,0.5054632867132868,0.6153846153846154,0.7120000000000001,1,0,0,0,1,1,0
898,0.8964160839160841,0.9230769230769231,0.7170000000000001,1,1,0,0,0,1,0
899,0.0083041958041958,0.23076923076923078,0.213,0,1,0,0,0,1,0
900,0.0812937062937063,0.5384615384615385,0.525,0,1,0,0,0,0,1
901,0.20410839160839164,0.4615384615384616,0.0,0,1,0,0,0,1,0
902,0.021853146853146856,0.23076923076923078,0.877,0,1,0,0,0,0,1
903,0.17744755244755248,0.07692307692307693,0.65,0,0,1,0,0,0,1
904,0.5812937062937064,0.6923076923076923,0.5559999999999999,1,1,0,0,0,1,0
905,0.4187062937062937,0.4615384615384616,0.16000000000000003,0,0,0,1,0,0,1
906,0.8924825174825176,0.6153846153846154,0.625,1,0,0,1,0,0,1
907,0.8168706293706295,0.3076923076923077,0.0,1,0,0,0,1,0,1
908,0.3387237762237762,0.23076923076923078,0.37000000000000005,0,0,1,0,0,0,1
909,0.2561188811188811,0.07692307692307693,0.18600000000000003,0,0,1,0,0,1,0
910,0.5054632867132868,0.0,0.7070000000000001,0,1,0,0,0,0,1
911,0.5887237762237763,0.7692307692307694,0.246,1,0,0,1,0,1,0
912,0.26486013986013984,0.4615384615384616,0.422,1,0,0,1,0,1,0
913,0.6228146853146853,0.38461538461538464,0.901,0,0,1,0,0,0,1
914,0.40690559440559443,0.07692307692307693,0.0,0,0,0,1,0,0,1
915,0.5502622377622378,0.5384615384615385,0.532,1,0,1,0,0,1,0
916,0.43356643356643354,0.7692307692307694,0.44800000000000006,1,0,0,1,0,0,1
917,0.2910839160839161,0.23076923076923078,0.067,0,1,0,0,0,1,0
918,0.9484265734265734,0.5384615384615385,0.8029999999999999,1,0,0,1,0,1,0
919,0.7626748251748252,0.4615384615384616,0.11599999999999999,0,0,1,0,0,1,0
920,0.13592657342657344,0.3076923076923077,0.501,0,0,1,0,0,1,0
921,0.868006993006993,0.6923076923076923,0.5830000000000001,0,1,0,0,0,0,1
922,0.4851398601398602,0.6923076923076923,0.0,1,0,0,0,1,0,1
923,0.8942307692307693,0.8461538461538463,0.7040000000000001,1,1,0,0,0,1,0
924,0.5054632867132868,0.5384615384615385,0.29100000000000004,0,1,0,0,0,0,1
925,0.42263986013986016,1.0000000000000002,0.059,1,0,0,1,0,1,0
926,0.017919580419580423,0.6153846153846154,0.7370000000000001,0,1,0,0,0,0,1
927,0.2652972027972028,0.3076923076923077,0.559,0,0,1,0,0,1,0
928,0.5054632867132868,0.6923076923076923,0.844,1,0,0,0,1,1,0
929,0.6319930069930071,0.3076923076923077,0.8300000000000001,1,0,1,0,0,1,0
930,0.2543706293706294,0.07692307692307693,0.851,0,1,0,0,0,0,1
931,0.1354895104895105,0.3076923076923077,0.511,0,0,0,0,1,0,1
932,0.8343531468531469,0.15384615384615385,0.367,0,1,0,0,0,1,0
933,0.9847027972027973,0.4615384615384616,0.802,0,1,0,0,0,0,1
934,0.5236013986013986,0.6923076923076923,0.47900000000000004,1,1,0,0,0,1,0
935,0.16783216783216787,0.3076923076923077,0.22400000000000003,0,0,0,0,1,1,0
936,0.2687937062937063,0.5384615384615385,0.862,1,0,0,1,0,1,0
937,0.013548951048951041,0.0,0.8880000000000001,0,1,0,0,0,1,0
938,0.9143356643356645,0.4615384615384616,0.493,0,0,0,1,0,0,1
939,0.11363636363636365,0.15384615384615385,0.0,0,1,0,0,0,0,1
940,0.5747377622377623,0.6153846153846154,0.418,1,0,1,0,0,1,0
941,0.270541958041958,0.3076923076923077,0.8130000000000002,0,0,1,0,0,0,1
942,0.5524475524475525,0.8461538461538463,0.907,1,0,0,1,0,0,1
943,0.6499125874125875,0.6153846153846154,0.24300000000000002,0,1,0,0,0,1,0
944,0.8291083916083916,0.9230769230769231,0.11399999999999999,0,1,0,0,0,0,1
945,0.20279720279720284,0.6153846153846154,0.883,0,0,1,0,0,0,1
946,0.006118881118881113,0.0,0.42000000000000004,0,1,0,0,0,1,0
947,0.1328671328671329,0.07692307692307693,0.5650000000000001,0,1,0,0,0,0,1
948,0.8999125874125875,0.3076923076923077,0.97,1,1,0,0,0,1,0
949,0.8736888111888114,0.23076923076923078,0.11299999999999999,0,1,0,0,0,1,0
950,0.5957167832167832,0.6923076923076923,0.666,0,1,0,0,0,0,1
951,0.5054632867132868,0.4615384615384616,0.12,0,0,0,1,0,0,1
952,0.6638986013986015,0.4615384615384616,0.40700000000000003,1,1,0,0,0,1,0
953,0.17132867132867136,0.38461538461538464,0.8140000000000001,0,0,0,1,0,0,1
954,0.9143356643356645,0.4615384615384616,0.462,1,1,0,0,0,1,0
955,0.41608391608391615,0.0,0.9970000000000001,0,1,0,0,0,0,1
956,0.5054632867132868,0.0,0.581,0,0,1,0,0,1,0
957,0.5170454545454546,0.5384615384615385,0.355,0,1,0,0,0,1,0
958,0.5054632867132868,0.9230769230769231,0.259,0,0,1,0,0,0,1
959,0.1621503496503497,0.9230769230769231,0.383,0,0,0,1,0,0,1
960,0.7368881118881119,0.07692307692307693,0.404,0,1,0,0,0,0,1
961,0.07823426573426576,0.8461538461538463,0.11499999999999999,0,0,1,0,0,0,1
962,0.6013986013986015,0.6923076923076923,0.0,0,1,0,0,0,1,0
963,0.2416958041958042,0.4615384615384616,0.49100000000000005,0,0,1,0,0,1,0
964,0.38636363636363635,0.6153846153846154,0.7370000000000001,0,1,0,0,0,0,1
965,0.2854020979020979,0.4615384615384616,0.674,1,0,1,0,0,1,0
966,0.3527097902097902,0.38461538461538464,0.7230000000000001,0,1,0,0,0,1,0
967,0.7180944055944056,0.0,0.057999999999999996,0,0,0,1,0,0,1
968,0.2937062937062937,0.0,0.257,0,0,0,1,0,0,1
969,0.5646853146853147,0.07692307692307693,0.679,1,0,1,0,0,1,0
970,0.47377622377622375,0.38461538461538464,0.51,0,0,1,0,0,1,0
971,0.6621503496503498,1.0000000000000002,0.05500000000000001,1,0,1,0,0,1,0
972,0.5054632867132868,0.38461538461538464,0.8140000000000001,1,0,1,0,0,1,0
973,0.7316433566433568,0.07692307692307693,0.784,0,0,0,0,1,0,1
974,0.5054632867132868,0.0,0.5710000000000001,0,1,0,0,0,1,0
975,0.02666083916083916,0.6923076923076923,0.11299999999999999,0,0,0,0,1,1,0
976,0.25874125874125875,0.4615384615384616,0.778,0,1,0,0,0,1,0
977,0.5935314685314685,0.3076923076923077,0.605,0,1,0,0,0,0,1
978,0.04676573426573428,0.07692307692307693,0.793,0,0,0,1,0,0,1
979,0.4943181818181819,0.38461538461538464,0.764,0,1,0,0,0,0,1
980,0.5952797202797203,0.6153846153846154,0.8130000000000002,1,0,0,0,1,0,1
981,0.3312937062937063,0.07692307692307693,0.0,0,1,0,0,0,0,1
982,0.7701048951048952,0.6923076923076923,0.18300000000000002,1,0,0,0,1,1,0
983,0.10227272727272729,0.07692307692307693,0.6880000000000001,0,0,0,1,0,0,1
984,0.07080419580419581,0.15384615384615385,0.639,0,0,0,1,0,0,1
985,0.7272727272727273,0.9230769230769231,0.755,1,0,0,1,0,1,0
986,0.49344405594405594,0.4615384615384616,0.211,1,0,0,1,0,1,0
987,0.6870629370629371,0.38461538461538464,0.23500000000000001,0,1,0,0,0,1,0
988,0.4322552447552448,0.8461538461538463,0.8960000000000001,1,0,0,1,0,0,1
989,0.24300699300699305,0.5384615384615385,0.762,0,1,0,0,0,0,1
990,0.8186188811188811,0.5384615384615385,0.9130000000000001,0,1,0,0,0,0,1
991,0.7989510489510491,0.38461538461538464,0.771,1,0,0,1,0,0,1
992,0.5054632867132868,0.8461538461538463,0.617,1,1,0,0,0,1,0
993,0.2687937062937063,0.7692307692307694,0.671,0,1,0,0,0,0,1
994,0.5887237762237763,0.6923076923076923,0.895,0,0,1,0,0,0,1
995,0.5054632867132868,0.15384615384615385,0.6000000000000001,0,0,1,0,0,1,0
996,0.08741258741258742,0.15384615384615385,0.0,0,1,0,0,0,1,0
997,0.917395104895105,0.0,0.199,0,1,0,0,0,1,0
998,0.1328671328671329,0.4615384615384616,0.5,0,1,0,0,0,0,1
999,0.9506118881118881,0.3076923076923077,0.731,0,1,0,0,0,0,1
1000,0.44361888111888115,0.23076923076923078,0.307,0,0,1,0,0,0,1
1001,0.5054632867132868,0.6923076923076923,0.242,0,1,0,0,0,1,0
1002,0.5397727272727273,0.23076923076923078,0.34800000000000003,1,0,0,1,0,1,0
1003,0.8728146853146853,1.0000000000000002,0.279,1,1,0,0,0,1,0
1004,0.7312062937062938,0.23076923076923078,0.0,0,0,1,0,0,0,1
1005,0.805944055944056,0.38461538461538464,0.454,0,1,0,0,0,1,0
1006,0.6573426573426573,0.5384615384615385,0.9119999999999999,1,0,0,1,0,0,1
1007,0.6909965034965037,0.4615384615384616,0.532,1,1,0,0,0,1,0
1008,0.8487762237762239,0.3076923076923077,0.229,1,0,0,1,0,1,0
1009,0.24606643356643362,0.38461538461538464,0.123,0,1,0,0,0,1,0
1010,0.4873251748251749,0.23076923076923078,0.7110000000000001,0,1,0,0,0,1,0
1011,0.21765734265734268,0.8461538461538463,0.414,0,0,1,0,0,1,0
1012,0.9881993006993008,1.0000000000000002,0.0,1,0,1,0,0,1,0
1013,0.9440559440559442,0.7692307692307694,0.677,1,0,1,0,0,1,0
1014,0.03496503496503497,0.9230769230769231,0.806,0,0,0,1,0,0,1
1015,0.7045454545454546,0.6153846153846154,0.0,1,0,1,0,0,1,0
1016,0.9252622377622379,0.5384615384615385,0.7080000000000001,0,1,0,0,0,0,1
1017,0.5054632867132868,0.6923076923076923,0.301,0,1,0,0,0,1,0
1018,0.5659965034965035,0.8461538461538463,0.9420000000000001,1,1,0,0,0,1,0
1019,0.9156468531468531,0.6923076923076923,0.655,1,0,0,1,0,1,0
1020,0.5054632867132868,0.0,0.35800000000000004,0,1,0,0,0,0,1
1021,0.5054632867132868,0.4615384615384616,0.30600000000000005,0,1,0,0,0,0,1
1022,0.29414335664335667,0.4615384615384616,0.231,1,0,0,1,0,1,0
1023,0.924388111888112,0.5384615384615385,0.71,1,0,1,0,0,1,0
1024,0.9711538461538463,1.0000000000000002,0.258,1,1,0,0,0,1,0
1025,0.944493006993007,0.15384615384615385,0.6160000000000001,0,1,0,0,0,0,1
1026,0.5054632867132868,0.4615384615384616,0.301,0,1,0,0,0,1,0
1027,0.5054632867132868,0.8461538461538463,0.679,1,1,0,0,0,1,0
1028,0.8439685314685316,0.0,0.8240000000000001,0,1,0,0,0,0,1
1029,0.3159965034965035,0.6923076923076923,0.789,1,0,0,1,0,0,1
1030,0.8286713286713288,0.23076923076923078,0.7730000000000001,1,0,0,1,0,1,0
1031,0.03234265734265735,0.15384615384615385,0.22799999999999998,0,0,0,1,0,1,0
1032,0.5944055944055945,0.38461538461538464,0.134,0,0,0,0,1,1,0
1033,0.22639860139860143,0.4615384615384616,0.714,0,0,1,0,0,1,0
1034,0.11625874125874128,0.4615384615384616,0.4,0,1,0,0,0,1,0
1035,0.07255244755244755,0.4615384615384616,0.4610000000000001,1,0,0,0,1,1,0
1036,0.69493006993007,0.6153846153846154,0.08000000000000002,0,0,1,0,0,0,1
1037,0.3369755244755245,0.7692307692307694,0.29700000000000004,0,1,0,0,0,0,1
1038,0.7237762237762239,0.07692307692307693,0.082,0,1,0,0,0,1,0
1039,0.5054632867132868,0.7692307692307694,0.885,1,0,1,0,0,1,0
1040,0.3120629370629371,0.15384615384615385,0.281,0,1,0,0,0,1,0
1041,0.5375874125874126,0.3076923076923077,0.5790000000000001,1,0,0,1,0,1,0
1042,0.7902097902097903,0.15384615384615385,0.08700000000000001,0,1,0,0,0,0,1
1043,0.3155594405594406,0.7692307692307694,0.684,1,0,0,1,0,1,0
1044,0.6245629370629371,0.5384615384615385,0.357,0,1,0,0,0,0,1
1045,0.8859265734265734,0.4615384615384616,0.903,1,1,0,0,0,0,1
1046,0.6140734265734267,0.6923076923076923,0.894,1,0,0,1,0,1,0
1047,0.5054632867132868,0.4615384615384616,0.359,0,1,0,0,0,1,0
1048,0.019667832167832168,0.5384615384615385,0.9060000000000001,0,1,0,0,0,1,0
1049,0.8697552447552449,0.8461538461538463,0.9960000000000001,1,1,0,0,0,0,1
1050,0.016608391608391608,0.8461538461538463,0.8340000000000001,0,1,0,0,0,1,0
1051,0.8745629370629372,0.6153846153846154,0.0,0,1,0,0,0,0,1
1052,0.5270979020979021,0.23076923076923078,0.28700000000000003,0,1,0,0,0,0,1
1053,0.9392482517482519,0.3076923076923077,0.0,1,0,1,0,0,0,1
1054,0.5054632867132868,0.3076923076923077,0.11399999999999999,0,1,0,0,0,0,1
1055,0.9982517482517483,0.5384615384615385,0.13999999999999999,1,0,0,1,0,1,0
1056,0.3479020979020979,0.4615384615384616,0.9990000000000001,0,1,0,0,0,0,1
1057,0.5054632867132868,0.6153846153846154,0.36000000000000004,1,1,0,0,0,1,0
1058,0.39903846153846156,1.0000000000000002,0.0,0,0,1,0,0,0,1
1059,0.4777097902097902,0.5384615384615385,0.8160000000000001,0,1,0,0,0,0,1
1060,0.5054632867132868,0.07692307692307693,0.8650000000000001,0,0,1,0,0,0,1
1061,0.8732517482517483,0.6923076923076923,0.9980000000000001,1,0,0,0,1,0,1
1062,0.9842657342657344,0.4615384615384616,0.279,1,0,0,1,0,1,0
1063,0.7674825174825176,0.23076923076923078,0.08800000000000001,1,0,0,1,0,1,0
1064,0.4152097902097902,0.38461538461538464,0.44100000000000006,0,0,1,0,0,0,1
1065,0.4187062937062937,0.4615384615384616,0.17400000000000002,0,0,0,1,0,0,1
1066,0.7364510489510491,0.07692307692307693,0.0,1,0,0,1,0,1,0
1067,0.23513986013986019,0.4615384615384616,0.392,0,1,0,0,0,0,1
1068,0.10620629370629373,0.15384615384615385,0.795,0,0,0,0,1,0,1
1069,0.3518356643356644,0.9230769230769231,0.588,0,0,1,0,0,0,1
1070,0.2840909090909091,0.15384615384615385,0.34700000000000003,0,0,0,0,1,0,1
1071,0.2932692307692308,0.7692307692307694,0.672,1,1,0,0,0,1,0
1072,0.22989510489510492,0.07692307692307693,0.27,0,0,0,1,0,1,0
1073,0.5054632867132868,0.7692307692307694,0.064,0,1,0,0,0,1,0
1074,0.013111888111888105,0.5384615384615385,0.776,0,0,1,0,0,1,0
1075,0.9881993006993008,0.38461538461538464,0.643,1,0,0,1,0,1,0
1076,0.42526223776223776,0.0,0.774,0,0,0,1,0,0,1
1077,0.38155594405594406,0.8461538461538463,0.08700000000000001,0,0,1,0,0,0,1
1078,0.6783216783216783,0.0,0.845,0,1,0,0,0,0,1
1079,0.2145979020979021,0.4615384615384616,0.639,0,1,0,0,0,0,1
1080,0.9501748251748253,0.5384615384615385,0.585,1,0,0,1,0,1,0
1081,0.5054632867132868,0.3076923076923077,0.643,1,1,0,0,0,1,0
1082,0.08522727272727273,0.8461538461538463,0.8710000000000001,1,0,0,1,0,0,1
1083,0.4147727272727273,0.7692307692307694,0.6080000000000001,1,0,1,0,0,1,0
1084,0.8789335664335665,0.3076923076923077,0.602,1,0,0,1,0,1,0
1085,0.94493006993007,0.23076923076923078,0.9910000000000001,1,1,0,0,0,1,0
1086,0.4650349650349651,1.0000000000000002,0.7690000000000001,1,0,1,0,0,1,0
1087,0.6118881118881119,0.38461538461538464,0.47000000000000003,1,0,0,1,0,1,0
1088,0.5054632867132868,0.4615384615384616,0.0,1,0,0,1,0,0,1
1089,0.9916958041958044,0.38461538461538464,0.42000000000000004,1,1,0,0,0,1,0
1090,0.2281468531468532,0.15384615384615385,0.267,0,0,1,0,0,1,0
1091,0.9427447552447553,0.6153846153846154,0.617,1,0,0,1,0,0,1
1092,0.6481643356643357,0.8461538461538463,0.932,1,0,0,1,0,0,1
1093,0.6062062937062938,0.7692307692307694,0.933,1,0,1,0,0,1,0
1094,0.5104895104895105,1.0000000000000002,0.375,0,0,0,0,1,0,1
1095,0.22727272727272727,0.4615384615384616,0.551,0,0,0,1,0,0,1
1096,0.17263986013986016,0.0,0.251,0,0,0,0,1,1,0
1097,0.2167832167832168,0.4615384615384616,0.9960000000000001,0,0,0,0,1,0,1
1098,0.1826923076923077,0.4615384615384616,0.9820000000000001,1,0,0,1,0,1,0
1099,0.7788461538461539,0.3076923076923077,0.667,1,0,1,0,0,1,0
1100,0.3470279720279721,0.3076923076923077,0.8140000000000001,1,0,0,1,0,1,0
1101,0.05332167832167833,1.0000000000000002,0.7290000000000001,1,0,0,1,0,1,0
1102,0.9694055944055944,0.9230769230769231,0.614,1,0,1,0,0,0,1
1103,0.8837412587412588,0.07692307692307693,0.101,0,0,1,0,0,1,0
1104,0.9278846153846154,0.23076923076923078,0.48200000000000004,1,1,0,0,0,1,0
1105,0.9951923076923077,0.8461538461538463,0.6910000000000001,1,1,0,0,0,1,0
1106,0.17001748251748253,0.38461538461538464,0.6940000000000001,0,0,0,1,0,0,1
1107,0.39335664335664333,0.6923076923076923,0.404,0,0,0,1,0,0,1
1108,0.75743006993007,0.7692307692307694,0.945,1,0,0,1,0,1,0
1109,0.69493006993007,0.4615384615384616,0.209,0,0,0,1,0,0,1
1110,0.14991258741258742,0.7692307692307694,0.525,0,1,0,0,0,1,0
1111,0.8151223776223777,0.3076923076923077,0.706,1,0,0,1,0,0,1
1112,0.5054632867132868,0.6153846153846154,0.7120000000000001,0,0,0,0,1,0,1
1113,0.22027972027972034,0.15384615384615385,0.666,0,0,0,0,1,0,1
1114,0.534965034965035,0.0,0.0,0,0,0,1,0,0,1
1115,0.591346153846154,0.23076923076923078,0.198,0,1,0,0,0,1,0
1116,0.5782342657342657,0.6153846153846154,0.654,1,1,0,0,0,1,0
1117,0.08697552447552448,0.23076923076923078,0.6190000000000001,0,0,0,1,0,0,1
1118,0.8771853146853148,0.07692307692307693,0.0,1,0,0,1,0,1,0
1119,0.26223776223776224,0.6923076923076923,0.7200000000000001,0,1,0,0,0,0,1
1120,0.12543706293706294,1.0000000000000002,0.48200000000000004,1,0,1,0,0,1,0
1121,0.8885489510489512,1.0000000000000002,0.684,1,0,0,0,1,0,1
1122,0.9558566433566436,0.3076923076923077,0.0,1,0,0,0,1,1,0
1123,0.8618881118881119,0.4615384615384616,0.211,1,0,0,1,0,1,0
1124,0.8090034965034966,0.9230769230769231,0.068,1,0,0,1,0,1,0
1125,0.6538461538461539,0.8461538461538463,0.79,1,0,1,0,0,1,0
1126,0.548951048951049,0.9230769230769231,0.629,1,0,0,0,1,1,0
1127,0.08260489510489513,0.6153846153846154,0.7150000000000001,1,0,0,1,0,1,0
1128,0.4055944055944056,0.23076923076923078,0.8460000000000001,0,1,0,0,0,1,0
1129,0.3697552447552448,0.38461538461538464,0.8130000000000002,1,0,0,1,0,0,1
1130,0.2561188811188811,0.07692307692307693,0.9630000000000001,0,1,0,0,0,1,0
1131,0.5054632867132868,0.38461538461538464,0.559,0,1,0,0,0,0,1
1132,0.49388111888111896,0.15384615384615385,0.514,0,1,0,0,0,1,0
1133,0.07648601398601398,0.8461538461538463,0.43200000000000005,0,1,0,0,0,0,1
1134,0.21634615384615388,0.8461538461538463,0.196,1,0,0,0,1,1,0
1135,0.5054632867132868,0.6153846153846154,0.0,1,1,0,0,0,1,0
1136,0.5054632867132868,0.7692307692307694,0.313,1,0,0,1,0,1,0
1137,0.8509615384615384,0.07692307692307693,0.925,0,0,0,0,1,0,1
1138,0.493006993006993,0.8461538461538463,0.6040000000000001,1,0,0,0,1,0,1
1139,0.47814685314685323,0.8461538461538463,0.613,1,1,0,0,0,1,0
1140,0.5909090909090909,0.6153846153846154,0.387,1,0,0,0,1,1,0
1141,0.8243006993006993,0.4615384615384616,0.099,0,0,0,1,0,0,1
1142,0.34484265734265734,0.5384615384615385,0.08000000000000002,0,0,0,1,0,0,1
1143,0.6765734265734267,0.07692307692307693,0.45199999999999996,1,0,0,1,0,1,0
1144,0.5638111888111889,0.38461538461538464,0.13,0,0,1,0,0,1,0
1145,0.26354895104895104,0.15384615384615385,0.627,0,0,0,1,0,0,1
1146,0.5054632867132868,0.8461538461538463,0.887,0,1,0,0,0,0,1
1147,0.5054632867132868,0.8461538461538463,0.8890000000000001,1,0,0,1,0,0,1
1148,0.6569055944055945,1.0000000000000002,0.676,1,1,0,0,0,1,0
1149,0.8500874125874126,0.4615384615384616,0.251,0,0,1,0,0,0,1
1150,0.8671328671328672,0.3076923076923077,0.87,0,1,0,0,0,0,1
1151,0.7071678321678322,0.4615384615384616,0.892,1,1,0,0,0,0,1
1152,0.8365384615384616,0.5384615384615385,0.23700000000000002,0,0,1,0,0,0,1
1153,0.6962412587412588,0.6923076923076923,0.751,1,0,0,1,0,1,0
1154,0.5054632867132868,1.0000000000000002,0.32200000000000006,0,1,0,0,0,0,1
1155,0.6171328671328672,0.0,0.8130000000000002,0,0,0,1,0,0,1
1156,0.7517482517482518,0.3076923076923077,0.9970000000000001,1,0,1,0,0,1,0
1157,0.15472027972027977,0.15384615384615385,0.07900000000000001,0,1,0,0,0,0,1
1158,0.8806818181818183,0.23076923076923078,0.902,0,0,1,0,0,0,1
1159,0.8715034965034966,0.07692307692307693,0.641,0,1,0,0,0,1,0
1160,0.024475524475524472,0.6153846153846154,0.9750000000000001,1,0,0,1,0,1,0
1161,0.8251748251748252,0.15384615384615385,0.492,1,0,1,0,0,1,0
1162,0.12456293706293708,0.07692307692307693,0.8550000000000001,0,1,0,0,0,1,0
1163,0.5054632867132868,0.6923076923076923,0.10900000000000001,1,0,0,1,0,1,0
1164,0.7425699300699302,0.7692307692307694,0.369,0,1,0,0,0,0,1
1165,0.15690559440559443,0.6153846153846154,0.11399999999999999,1,0,0,1,0,1,0
1166,0.8173076923076923,0.4615384615384616,0.977,1,0,0,1,0,1,0
1167,0.5054632867132868,0.38461538461538464,0.8260000000000001,1,0,0,1,0,1,0
1168,0.5052447552447553,0.0,0.86,0,1,0,0,0,0,1
1169,0.0017482517482517446,0.3076923076923077,0.9410000000000001,0,1,0,0,0,0,1
1170,0.28365384615384615,0.8461538461538463,0.131,0,1,0,0,0,1,0
1171,0.6153846153846154,0.7692307692307694,0.0,0,1,0,0,0,1,0
1172,0.9816433566433567,1.0000000000000002,0.11699999999999999,1,0,0,1,0,1,0
1173,0.6302447552447553,0.7692307692307694,0.25,0,0,1,0,0,0,1
1174,0.5054632867132868,0.15384615384615385,0.268,0,0,0,1,0,0,1
1175,0.63243006993007,0.0,0.496,0,0,0,0,1,0,1
1176,0.5380244755244755,0.23076923076923078,0.0,0,0,0,0,1,1,0
1177,0.5054632867132868,0.9230769230769231,0.146,1,0,0,1,0,0,1
1178,0.10270979020979024,0.07692307692307693,0.209,0,0,1,0,0,0,1
1179,0.7600524475524476,0.07692307692307693,0.19,1,0,0,1,0,1,0
1180,0.5393356643356644,0.15384615384615385,0.9740000000000001,0,1,0,0,0,0,1
1181,0.9632867132867133,0.5384615384615385,0.771,1,1,0,0,0,1,0
1182,0.3387237762237762,0.5384615384615385,0.969,1,0,0,1,0,0,1
1183,0.6311188811188811,0.8461538461538463,0.46799999999999997,1,1,0,0,0,1,0
1184,0.9322552447552449,0.4615384615384616,0.31400000000000006,1,1,0,0,0,1,0
1185,0.5054632867132868,0.38461538461538464,0.808,1,0,0,1,0,1,0
1186,0.9375,0.4615384615384616,0.36000000000000004,1,0,0,1,0,1,0
1187,0.6866258741258742,0.23076923076923078,0.334,0,0,0,1,0,0,1
1188,0.5054632867132868,0.8461538461538463,0.271,0,1,0,0,0,0,1
1189,0.29763986013986016,0.0,0.17300000000000001,0,1,0,0,0,0,1
1190,0.7071678321678322,0.5384615384615385,0.294,1,0,0,1,0,1,0
1191,0.06293706293706294,0.4615384615384616,0.388,0,0,1,0,0,1,0
1192,0.5804195804195805,0.4615384615384616,0.6900000000000001,1,0,0,1,0,1,0
1193,0.3430944055944056,0.15384615384615385,0.10900000000000001,0,0,0,0,1,1,0
1194,0.6193181818181819,0.23076923076923078,0.25,0,0,0,1,0,0,1
1195,0.041083916083916074,0.6923076923076923,0.0,1,0,0,1,0,1,0
1196,0.8715034965034966,0.6153846153846154,0.19,0,1,0,0,0,1,0
1197,0.973776223776224,0.38461538461538464,0.376,1,0,0,1,0,0,1
1198,0.9689685314685317,0.4615384615384616,0.8710000000000001,1,0,0,0,1,0,1
1199,0.7486888111888111,0.15384615384615385,0.197,0,0,0,1,0,0,1
1200,0.12587412587412591,0.6153846153846154,0.129,1,0,0,1,0,1,0
1201,0.75743006993007,0.3076923076923077,0.51,1,0,0,1,0,1,0
1202,0.02010489510489511,0.3076923076923077,0.337,0,1,0,0,0,0,1
1203,0.01748251748251748,1.0000000000000002,0.585,0,0,0,1,0,0,1
1204,0.32036713286713286,0.23076923076923078,0.8140000000000001,0,1,0,0,0,0,1
1205,0.48645104895104896,1.0000000000000002,0.18000000000000002,1,0,1,0,0,1,0
1206,0.5054632867132868,0.23076923076923078,0.602,1,1,0,0,0,0,1
1207,0.6822552447552448,0.8461538461538463,0.53,0,1,0,0,0,0,1
1208,0.44361888111888115,0.0,0.18700000000000003,1,0,0,1,0,1,0
1209,0.2701048951048951,0.4615384615384616,0.643,1,0,0,1,0,1,0
1210,0.5054632867132868,0.6153846153846154,0.31000000000000005,1,0,0,1,0,0,1
1211,0.42351398601398604,0.15384615384615385,0.513,0,1,0,0,0,0,1
1212,0.4488636363636364,0.8461538461538463,0.128,1,0,0,1,0,1,0
1213,0.15952797202797203,0.9230769230769231,0.48700000000000004,0,1,0,0,0,1,0
1214,0.7941433566433568,0.07692307692307693,0.341,0,0,1,0,0,0,1
1215,0.6923076923076923,0.15384615384615385,0.8310000000000001,0,0,0,0,1,0,1
1216,0.21722027972027977,0.0,0.10400000000000001,0,0,0,1,0,0,1
1217,0.07779720279720281,0.38461538461538464,0.44800000000000006,0,0,0,0,1,1,0
1218,0.6791958041958042,0.7692307692307694,0.48600000000000004,0,0,0,1,0,0,1
1219,0.652972027972028,0.7692307692307694,0.739,0,1,0,0,0,0,1
1220,0.2696678321678322,0.4615384615384616,0.596,1,0,0,1,0,1,0
1221,0.9510489510489512,0.7692307692307694,0.684,1,1,0,0,0,1,0
1222,0.14685314685314688,0.7692307692307694,0.788,0,0,1,0,0,0,1
1223,0.42963286713286714,0.07692307692307693,0.869,0,1,0,0,0,0,1
1224,0.9436188811188811,0.5384615384615385,0.34800000000000003,1,0,0,1,0,1,0
1225,0.416958041958042,1.0000000000000002,0.561,1,0,0,1,0,0,1
1226,0.6372377622377623,0.38461538461538464,0.8480000000000001,1,0,0,1,0,0,1
1227,0.3946678321678322,1.0000000000000002,0.0,1,1,0,0,0,1,0
1228,0.270979020979021,0.23076923076923078,0.895,0,0,1,0,0,0,1
1229,0.9842657342657344,0.3076923076923077,0.403,1,0,0,1,0,1,0
1230,0.4064685314685315,0.5384615384615385,0.23500000000000001,1,0,0,1,0,1,0
1231,0.8937937062937064,1.0000000000000002,0.515,0,1,0,0,0,0,1
1232,0.22639860139860143,0.15384615384615385,0.755,0,0,0,1,0,0,1
1233,0.2093531468531469,0.15384615384615385,0.518,1,0,0,1,0,1,0
1234,0.02666083916083916,0.4615384615384616,0.509,0,1,0,0,0,1,0
1235,0.6503496503496504,1.0000000000000002,0.8460000000000001,1,1,0,0,0,1,0
1236,0.36582167832167833,0.7692307692307694,0.393,0,0,1,0,0,1,0
1237,0.8640734265734266,0.23076923076923078,0.867,0,1,0,0,0,0,1
1238,0.47071678321678323,0.0,0.43600000000000005,0,1,0,0,0,1,0
1239,0.9685314685314685,0.6153846153846154,0.36200000000000004,1,0,0,1,0,0,1
1240,0.18181818181818182,0.5384615384615385,0.481,1,0,0,0,1,1,0
1241,0.868444055944056,0.4615384615384616,0.774,0,1,0,0,0,0,1
1242,0.7757867132867133,1.0000000000000002,0.17,1,0,0,1,0,0,1
1243,0.7701048951048952,0.6923076923076923,0.23700000000000002,0,1,0,0,0,1,0
1244,0.8444055944055945,0.38461538461538464,0.954,1,1,0,0,0,1,0
1245,0.7600524475524476,0.4615384615384616,0.217,0,0,0,0,1,0,1
1246,0.6245629370629371,0.38461538461538464,0.589,0,0,1,0,0,0,1
1247,0.1271853146853147,0.6153846153846154,0.6000000000000001,0,1,0,0,0,1,0
1248,0.5054632867132868,0.4615384615384616,0.515,0,1,0,0,0,1,0
1249,0.9208916083916084,1.0000000000000002,0.663,1,0,0,1,0,0,1
1250,0.6149475524475525,0.4615384615384616,0.268,0,0,1,0,0,0,1
1251,0.7958916083916084,0.15384615384615385,0.5750000000000001,0,1,0,0,0,0,1
1252,0.479458041958042,0.6923076923076923,0.404,1,0,0,1,0,1,0
1253,0.11319930069930073,0.15384615384615385,0.679,0,0,0,0,1,1,0
1254,0.12106643356643357,0.6153846153846154,0.18400000000000002,0,0,0,1,0,1,0
1255,0.6844405594405595,0.8461538461538463,0.592,1,0,0,0,1,1,0
1256,0.4278846153846154,0.23076923076923078,0.22599999999999998,0,0,0,1,0,0,1
1257,0.19667832167832172,0.4615384615384616,0.315,0,1,0,0,0,1,0
1258,0.4895104895104896,0.4615384615384616,0.258,0,1,0,0,0,1,0
1259,0.059877622377622376,1.0000000000000002,0.22400000000000003,0,1,0,0,0,0,1
1260,0.5804195804195805,0.6153846153846154,0.8340000000000001,0,1,0,0,0,0,1
1261,0.2657342657342658,0.7692307692307694,0.321,0,1,0,0,0,1,0
1262,0.7967657342657343,0.8461538461538463,0.931,1,0,0,1,0,1,0
1263,0.3072552447552448,0.4615384615384616,0.9710000000000001,0,0,1,0,0,0,1
1264,0.4527972027972028,0.6153846153846154,0.593,1,0,1,0,0,1,0
1265,0.006993006993006992,0.8461538461538463,0.18600000000000003,0,0,1,0,0,1,0
1266,0.06818181818181818,0.15384615384615385,0.40599999999999997,0,0,0,1,0,0,1
1267,0.38986013986013984,0.23076923076923078,0.808,0,0,0,1,0,0,1
1268,0.4777097902097902,1.0000000000000002,0.399,0,1,0,0,0,0,1
1269,0.5983391608391609,0.5384615384615385,0.133,1,0,0,1,0,1,0
1270,0.2884615384615385,0.38461538461538464,0.5790000000000001,0,0,0,1,0,0,1
1271,0.6936188811188811,0.3076923076923077,0.853,1,0,0,1,0,0,1
1272,0.8597027972027973,0.9230769230769231,0.806,1,0,0,1,0,1,0
1273,0.7792832167832169,0.23076923076923078,0.21600000000000003,0,1,0,0,0,1,0
1274,0.03496503496503497,0.5384615384615385,0.6890000000000001,0,1,0,0,0,0,1
1275,0.47814685314685323,0.0,0.259,0,0,1,0,0,0,1
1276,0.10052447552447555,1.0000000000000002,0.257,0,1,0,0,0,1,0
1277,0.23863636363636367,0.6153846153846154,0.8800000000000001,1,0,0,1,0,1,0
1278,0.9868881118881121,0.0,0.28700000000000003,1,0,1,0,0,1,0
1279,0.5054632867132868,0.5384615384615385,0.30000000000000004,0,0,0,0,1,0,1
1280,0.49650349650349657,0.23076923076923078,0.051000000000000004,1,0,0,1,0,1,0
1281,0.6166958041958043,0.6153846153846154,0.877,1,1,0,0,0,1,0
1282,0.7014860139860141,0.4615384615384616,0.8029999999999999,1,1,0,0,0,1,0
1283,0.5054632867132868,0.7692307692307694,0.646,1,0,1,0,0,1,0
1284,0.0048076923076923045,0.3076923076923077,0.763,0,0,0,1,0,0,1
1285,0.32342657342657344,0.15384615384615385,0.194,0,0,0,1,0,0,1
1286,0.5157342657342657,0.6153846153846154,0.485,0,1,0,0,0,1,0
1287,0.08347902097902099,0.7692307692307694,0.384,0,1,0,0,0,0,1
1288,0.347465034965035,1.0000000000000002,0.13899999999999998,0,0,1,0,0,1,0
1289,0.028409090909090905,1.0000000000000002,0.512,0,1,0,0,0,0,1
1290,0.0743006993006993,0.6153846153846154,0.925,1,0,0,1,0,1,0
1291,0.3942307692307693,0.23076923076923078,0.08800000000000001,0,1,0,0,0,1,0
1292,0.12849650349650352,0.7692307692307694,0.327,0,0,0,1,0,0,1
1293,0.5655594405594406,0.23076923076923078,0.24700000000000003,0,0,1,0,0,0,1
1294,0.6883741258741259,0.8461538461538463,0.27599999999999997,1,0,0,1,0,1,0
1295,0.7998251748251749,0.5384615384615385,0.9130000000000001,1,1,0,0,0,1,0
1296,0.19624125874125875,0.07692307692307693,0.49500000000000005,1,0,0,1,0,1,0
1297,0.16346153846153846,0.6153846153846154,0.493,1,0,0,1,0,1,0
1298,0.10052447552447555,0.9230769230769231,0.7730000000000001,1,0,0,1,0,0,1
1299,0.6350524475524476,1.0000000000000002,0.197,0,0,1,0,0,0,1
1300,0.7054195804195805,0.38461538461538464,0.513,1,0,0,0,1,1,0
1301,0.027097902097902103,0.6153846153846154,0.458,0,0,1,0,0,1,0
1302,0.9361888111888114,0.5384615384615385,0.617,1,0,0,1,0,1,0
1303,0.04763986013986015,0.4615384615384616,1.0,0,1,0,0,0,0,1
1304,0.5393356643356644,0.9230769230769231,0.781,0,1,0,0,0,0,1
1305,0.708041958041958,1.0000000000000002,0.42800000000000005,1,1,0,0,0,0,1
1306,0.8706293706293707,0.0,0.836,0,0,1,0,0,0,1
1307,0.7128496503496505,1.0000000000000002,0.21200000000000002,1,0,0,1,0,0,1
1308,0.8011363636363638,0.4615384615384616,0.07900000000000001,0,0,0,1,0,0,1
1309,0.5054632867132868,0.15384615384615385,0.0,0,1,0,0,0,0,1
1310,0.8142482517482518,0.7692307692307694,0.373,0,1,0,0,0,0,1
1311,0.0756118881118881,1.0000000000000002,0.535,0,0,0,0,1,0,1
1312,0.8946678321678322,0.07692307692307693,0.634,1,0,0,1,0,0,1
1313,0.5054632867132868,0.3076923076923077,0.915,0,1,0,0,0,0,1
1314,0.8168706293706295,0.3076923076923077,0.534,1,0,0,1,0,1,0
1315,0.4497377622377623,0.3076923076923077,0.526,0,1,0,0,0,0,1
1316,0.6420454545454546,0.23076923076923078,0.098,0,1,0,0,0,0,1
1317,0.5244755244755245,0.3076923076923077,0.083,1,0,0,0,1,1,0
1318,0.7307692307692307,0.15384615384615385,0.5740000000000001,0,1,0,0,0,1,0
1319,0.07736013986013987,0.8461538461538463,0.466,0,0,1,0,0,1,0
1320,0.05594405594405596,0.0,0.8470000000000001,0,1,0,0,0,0,1
1321,0.24344405594405596,0.3076923076923077,0.0,0,1,0,0,0,1,0
1322,0.1555944055944056,0.9230769230769231,0.074,0,1,0,0,0,0,1
1323,0.8715034965034966,0.6153846153846154,0.477,1,0,0,1,0,0,1
1324,0.215472027972028,0.9230769230769231,0.27599999999999997,0,0,0,1,0,0,1
1325,0.9759615384615385,0.6153846153846154,0.097,1,0,0,1,0,1,0
1326,0.3339160839160839,0.23076923076923078,0.738,0,1,0,0,0,0,1
1327,0.17832167832167836,0.15384615384615385,0.15600000000000003,0,1,0,0,0,0,1
1328,0.7888986013986015,0.0,0.6280000000000001,0,0,0,1,0,0,1
1329,0.6573426573426573,0.07692307692307693,0.317,0,0,1,0,0,1,0
1330,0.49606643356643365,0.5384615384615385,0.215,0,0,1,0,0,1,0
1331,0.5533216783216783,0.0,0.41100000000000003,0,0,0,0,1,0,1
1332,0.7180944055944056,0.4615384615384616,0.8109999999999999,1,0,0,1,0,1,0
1333,0.22465034965034966,0.9230769230769231,0.422,0,0,1,0,0,1,0
1334,0.9969405594405596,0.4615384615384616,0.763,1,1,0,0,0,1,0
1335,0.9750874125874127,0.5384615384615385,0.169,0,0,1,0,0,0,1
1336,0.6490384615384617,0.8461538461538463,0.784,1,1,0,0,0,0,1
1337,0.19580419580419584,0.38461538461538464,0.275,0,0,1,0,0,0,1
1338,0.6791958041958042,0.8461538461538463,0.6940000000000001,1,0,0,1,0,1,0
1339,0.06774475524475526,0.4615384615384616,0.5870000000000001,0,0,1,0,0,0,1
1340,0.026223776223776217,0.6153846153846154,0.933,0,0,0,1,0,0,1
1341,0.2543706293706294,0.15384615384615385,0.418,0,1,0,0,0,0,1
1342,0.4602272727272728,0.6923076923076923,0.11299999999999999,0,0,1,0,0,1,0
1343,0.868006993006993,0.23076923076923078,0.068,0,1,0,0,0,0,1
1344,0.5054632867132868,0.9230769230769231,0.836,1,1,0,0,0,1,0
1345,0.7416958041958042,0.38461538461538464,0.548,1,0,0,1,0,0,1
1346,0.4230769230769231,0.5384615384615385,0.786,1,0,0,1,0,1,0
1347,0.3430944055944056,0.3076923076923077,0.273,0,0,1,0,0,1,0
1348,0.5054632867132868,0.15384615384615385,0.378,0,1,0,0,0,1,0
1349,0.9881993006993008,0.38461538461538464,0.0,1,0,0,1,0,1,0
1350,0.0354020979020979,0.23076923076923078,0.9630000000000001,1,0,0,1,0,1,0
1351,0.8666958041958043,0.6153846153846154,0.684,0,1,0,0,0,0,1
1352,0.576923076923077,0.9230769230769231,0.0,1,1,0,0,0,1,0
1353,0.4361888111888112,0.15384615384615385,0.30200000000000005,0,1,0,0,0,0,1
1354,0.5054632867132868,0.23076923076923078,0.0,0,1,0,0,0,1,0
1355,0.48426573426573427,0.4615384615384616,0.6950000000000001,1,0,1,0,0,1,0
1356,0.8732517482517483,0.4615384615384616,0.35200000000000004,1,0,0,1,0,0,1
1357,0.9007867132867133,0.8461538461538463,0.8560000000000001,1,0,0,1,0,0,1
1358,0.4191433566433566,0.8461538461538463,0.9500000000000001,1,0,1,0,0,1,0
1359,0.2736013986013986,0.23076923076923078,0.891,0,1,0,0,0,1,0
1360,0.5054632867132868,0.38461538461538464,0.752,1,0,1,0,0,1,0
1361,0.9121503496503498,0.8461538461538463,0.31400000000000006,1,0,0,1,0,1,0
1362,0.20716783216783216,0.4615384615384616,0.31800000000000006,0,0,1,0,0,1,0
1363,0.6215034965034966,0.15384615384615385,0.9650000000000001,1,1,0,0,0,1,0
1364,0.6302447552447553,0.38461538461538464,0.06,0,0,1,0,0,0,1
1365,0.7320804195804196,0.4615384615384616,0.73,0,1,0,0,0,0,1
1366,0.12762237762237766,0.07692307692307693,0.7210000000000001,0,1,0,0,0,1,0
1367,0.7145979020979022,0.4615384615384616,0.642,1,0,0,0,1,1,0
1368,0.9090909090909092,0.07692307692307693,0.0,1,1,0,0,0,1,0
1369,0.17569930069930073,0.7692307692307694,0.0,0,0,0,1,0,0,1
1370,0.23382867132867138,0.4615384615384616,0.373,0,0,0,1,0,0,1
1371,0.9715909090909092,0.6153846153846154,0.125,1,0,0,1,0,0,1
1372,0.17701048951048953,0.0,0.0,0,1,0,0,0,0,1
1373,0.5054632867132868,0.4615384615384616,0.298,0,1,0,0,0,0,1
1374,0.4899475524475525,0.4615384615384616,0.376,0,1,0,0,0,1,0
1375,0.24388111888111894,0.38461538461538464,0.843,1,0,0,0,1,0,1
1376,0.8706293706293707,0.38461538461538464,0.9390000000000001,1,1,0,0,0,1,0
1377,0.44274475524475526,0.38461538461538464,0.22599999999999998,0,1,0,0,0,0,1
1378,0.5054632867132868,0.6153846153846154,0.404,0,1,0,0,0,1,0
1379,0.3562062937062937,0.07692307692307693,0.932,0,0,0,0,1,0,1
1380,0.591346153846154,0.0,0.10900000000000001,0,0,0,0,1,0,1
1381,0.15952797202797203,0.9230769230769231,0.13799999999999998,0,0,1,0,0,0,1
1382,0.3881118881118881,0.8461538461538463,0.205,0,1,0,0,0,1,0
1383,0.9698426573426575,0.38461538461538464,0.6150000000000001,1,0,0,1,0,1,0
1384,0.25480769230769235,0.6923076923076923,0.193,1,0,0,1,0,1,0
1385,0.6551573426573428,0.7692307692307694,0.97,1,0,0,1,0,0,1
1386,0.5054632867132868,0.5384615384615385,0.47400000000000003,1,0,0,1,0,1,0
1387,0.7727272727272727,0.15384615384615385,0.526,1,0,0,1,0,0,1
1388,0.12674825174825174,0.8461538461538463,0.284,0,0,0,1,0,0,1
1389,0.9702797202797202,0.6923076923076923,0.497,1,1,0,0,0,1,0
1390,0.45148601398601396,0.0,0.679,1,0,0,1,0,1,0
1391,0.23251748251748253,0.6153846153846154,0.764,0,0,0,1,0,0,1
1392,0.06905594405594406,0.4615384615384616,0.766,0,1,0,0,0,0,1
1393,0.16564685314685318,0.9230769230769231,0.5990000000000001,0,1,0,0,0,0,1
1394,0.5174825174825175,0.0,0.909,0,0,0,0,1,0,1
1395,0.3339160839160839,0.15384615384615385,0.827,0,0,0,1,0,0,1
1396,0.5054632867132868,0.5384615384615385,0.7690000000000001,1,0,0,1,0,1,0
1397,0.42832167832167833,1.0000000000000002,0.10300000000000001,0,0,1,0,0,0,1
1398,0.24519230769230774,0.15384615384615385,0.056999999999999995,0,0,0,1,0,1,0
1399,0.6153846153846154,0.9230769230769231,0.252,1,0,0,1,0,1,0
1400,0.7058566433566434,0.23076923076923078,0.68,1,0,0,1,0,1,0
1401,0.16302447552447555,0.5384615384615385,0.44100000000000006,0,0,1,0,0,0,1
1402,0.16389860139860143,0.4615384615384616,0.43200000000000005,0,0,0,1,0,1,0
1403,0.03190559440559441,0.9230769230769231,0.8900000000000001,1,0,0,1,0,0,1
1404,0.7355769230769232,0.4615384615384616,0.901,0,1,0,0,0,0,1
1405,0.6625874125874126,0.38461538461538464,0.9140000000000001,1,0,1,0,0,1,0
1406,0.472465034965035,0.0,0.34800000000000003,0,0,0,1,0,0,1
1407,0.5054632867132868,0.4615384615384616,0.7070000000000001,1,1,0,0,0,0,1
1408,0.8050699300699302,0.0,0.30800000000000005,0,0,1,0,0,0,1
1409,0.583479020979021,1.0000000000000002,0.231,0,0,0,1,0,0,1
1410,0.868006993006993,0.5384615384615385,0.225,0,1,0,0,0,1,0
1411,0.20192307692307696,0.7692307692307694,0.375,1,0,0,1,0,1,0
1412,0.10751748251748253,0.4615384615384616,0.458,0,0,0,1,0,1,0
1413,0.2661713286713287,0.8461538461538463,0.8390000000000001,0,0,1,0,0,0,1
1414,0.052447552447552455,0.0,0.164,0,1,0,0,0,0,1
1415,0.5292832167832169,0.6923076923076923,0.7480000000000001,0,0,1,0,0,0,1
1416,0.9366258741258742,0.4615384615384616,0.555,1,0,0,1,0,0,1
1417,0.034527972027972025,0.3076923076923077,0.32400000000000007,0,1,0,0,0,0,1
1418,0.11800699300699302,0.3076923076923077,0.518,0,0,1,0,0,1,0
1419,0.4497377622377623,0.0,0.335,0,0,0,1,0,1,0
1420,0.5054632867132868,1.0000000000000002,0.6160000000000001,1,1,0,0,0,1,0
1421,0.3129370629370629,0.6923076923076923,0.462,0,0,0,1,0,0,1
1422,0.5052447552447553,0.4615384615384616,0.0,1,0,1,0,0,1,0
1423,0.037150349650349655,0.38461538461538464,0.0,0,1,0,0,0,0,1
1424,0.14423076923076925,0.4615384615384616,0.0,0,1,0,0,0,0,1
1425,0.9868881118881121,0.6153846153846154,0.907,1,1,0,0,0,1,0
1426,0.9654720279720281,0.6153846153846154,0.377,1,1,0,0,0,1,0
1427,0.0,0.4615384615384616,0.746,0,0,0,1,0,0,1
1428,0.9519230769230771,0.3076923076923077,0.676,1,0,0,1,0,0,1
1429,0.6376748251748252,0.0,0.935,0,1,0,0,0,0,1
1430,0.8675699300699302,0.6153846153846154,0.8300000000000001,1,1,0,0,0,1,0
1431,0.4523601398601399,0.4615384615384616,0.588,0,1,0,0,0,1,0
1432,0.513548951048951,0.5384615384615385,0.674,1,0,1,0,0,1,0
1433,0.48645104895104896,0.3076923076923077,0.903,0,1,0,0,0,0,1
1434,0.5054632867132868,0.4615384615384616,0.43,0,0,1,0,0,0,1
1435,0.1354895104895105,0.7692307692307694,0.36000000000000004,1,0,0,1,0,1,0
1436,0.5054632867132868,0.4615384615384616,0.06,0,1,0,0,0,0,1
1437,0.30463286713286714,0.4615384615384616,0.835,0,0,1,0,0,0,1
1438,0.7036713286713288,0.6153846153846154,0.8109999999999999,1,0,0,1,0,1,0
1439,0.1979895104895105,0.4615384615384616,0.0,0,0,0,1,0,1,0
1440,0.6722027972027972,0.9230769230769231,0.5980000000000001,1,0,1,0,0,1,0
1441,0.5054632867132868,0.7692307692307694,0.49100000000000005,1,1,0,0,0,1,0
1442,0.08959790209790211,1.0000000000000002,0.163,0,1,0,0,0,1,0
1443,0.5054632867132868,0.15384615384615385,0.9820000000000001,1,0,0,0,1,1,0
1444,0.4414335664335665,0.7692307692307694,0.254,0,1,0,0,0,1,0
1445,0.868006993006993,0.9230769230769231,0.0,0,1,0,0,0,0,1
1446,0.1730769230769231,1.0000000000000002,0.6150000000000001,0,1,0,0,0,0,1
1447,0.6914335664335665,0.4615384615384616,0.0,0,1,0,0,0,0,1
1448,0.5054632867132868,0.0,0.08100000000000002,1,0,0,1,0,1,0
1449,0.94493006993007,0.5384615384615385,0.676,0,1,0,0,0,0,1
1450,0.5054632867132868,0.8461538461538463,0.5559999999999999,1,0,0,1,0,1,0
1451,0.4951923076923077,0.15384615384615385,0.148,0,0,0,1,0,0,1
1452,0.6162587412587414,0.8461538461538463,0.21400000000000002,0,0,0,1,0,0,1
1453,0.868444055944056,0.5384615384615385,0.5900000000000001,1,0,0,0,1,1,0
1454,0.5686188811188811,0.5384615384615385,0.332,0,0,0,1,0,0,1
1455,0.025786713286713288,0.9230769230769231,0.9410000000000001,0,1,0,0,0,0,1
1456,0.930944055944056,0.3076923076923077,0.828,1,0,0,1,0,0,1
1457,0.6883741258741259,0.9230769230769231,0.984,1,0,1,0,0,1,0
1458,0.6752622377622377,0.8461538461538463,0.29700000000000004,1,0,0,1,0,0,1
1459,0.2119755244755245,0.9230769230769231,0.9710000000000001,1,0,0,1,0,1,0
1460,0.6573426573426573,0.0,0.45999999999999996,1,0,0,1,0,1,0
1461,0.3911713286713287,0.9230769230769231,0.38,0,1,0,0,0,0,1
1462,0.6499125874125875,0.6923076923076923,0.098,0,0,1,0,0,0,1
1463,0.10227272727272729,0.4615384615384616,0.1,0,0,1,0,0,0,1
1464,0.6564685314685315,0.8461538461538463,0.7070000000000001,1,1,0,0,0,1,0
1465,1.0,0.4615384615384616,0.485,1,0,0,0,1,0,1
1466,0.043706293706293704,0.3076923076923077,0.265,0,0,1,0,0,0,1
1467,0.9777097902097902,0.5384615384615385,0.633,1,0,1,0,0,1,0
1468,0.40428321678321677,0.6153846153846154,0.29,1,0,0,1,0,1,0
1469,0.8706293706293707,0.7692307692307694,0.5990000000000001,1,0,0,1,0,0,1
1470,0.7814685314685315,1.0000000000000002,0.391,0,1,0,0,0,0,1
1471,0.5651223776223776,0.4615384615384616,0.8320000000000001,1,0,1,0,0,1,0
1472,0.7373251748251749,0.4615384615384616,0.8300000000000001,1,1,0,0,0,1,0
1473,0.8784965034965037,0.9230769230769231,0.503,1,0,0,1,0,1,0
1474,0.4016608391608392,0.4615384615384616,0.383,0,1,0,0,0,1,0
1475,0.32386363636363635,0.0,0.394,0,1,0,0,0,1,0
1476,0.6660839160839161,0.23076923076923078,0.8150000000000001,1,0,0,1,0,1,0
1477,0.8072552447552448,0.07692307692307693,0.36200000000000004,0,0,0,0,1,1,0
1478,0.7613636363636365,0.07692307692307693,0.24900000000000003,0,1,0,0,0,0,1
1479,0.7972027972027973,0.07692307692307693,0.13,1,0,0,1,0,1,0
1480,0.4331293706293706,0.4615384615384616,0.493,0,1,0,0,0,0,1
1481,0.8173076923076923,1.0000000000000002,0.508,0,1,0,0,0,0,1
1482,0.11582167832167833,0.0,0.8490000000000001,1,0,0,0,1,1,0
1483,0.5423951048951049,0.23076923076923078,0.26,0,0,0,1,0,0,1
1484,0.0008741258741258653,0.07692307692307693,0.41200000000000003,0,1,0,0,0,1,0
1485,0.3216783216783217,0.3076923076923077,0.8180000000000001,0,1,0,0,0,0,1
1486,0.36363636363636365,0.15384615384615385,0.0,0,1,0,0,0,1,0
1487,0.39335664335664333,0.8461538461538463,0.41500000000000004,0,1,0,0,0,1,0
1488,0.6944930069930071,0.5384615384615385,0.48600000000000004,1,0,1,0,0,1,0
1489,0.38592657342657344,0.23076923076923078,0.338,0,0,1,0,0,0,1
1490,0.4462412587412588,0.0,0.9359999999999999,0,1,0,0,0,0,1
1491,0.23382867132867138,0.0,0.163,0,0,0,1,0,1,0
1492,0.3701923076923077,0.8461538461538463,0.9369999999999999,0,0,1,0,0,0,1
1493,0.22377622377622383,0.6923076923076923,0.7000000000000001,0,0,0,0,1,1,0
1494,0.06861888111888112,0.15384615384615385,0.0,0,0,1,0,0,1,0
1495,0.6018356643356644,0.6153846153846154,0.0,0,0,1,0,0,0,1
1496,0.6669580419580421,0.4615384615384616,0.502,0,1,0,0,0,0,1
1497,0.618006993006993,0.07692307692307693,0.43700000000000006,0,1,0,0,0,0,1
1498,0.5054632867132868,0.9230769230769231,0.20299999999999999,1,0,1,0,0,1,0
1499,0.3771853146853147,0.6153846153846154,0.674,1,0,0,1,0,0,1
1500,0.8631993006993007,0.6923076923076923,0.9730000000000001,1,1,0,0,0,0,1
